instance,n,tightness,replicate,method,value,gap,seconds
n12_q0.25_r0,12,0.25,0,density,373,0.0,1.3457996828947216e-05
n12_q0.25_r0,12,0.25,0,insertion,373,0.0,1.6250000044237822e-05
n12_q0.25_r0,12,0.25,0,hybrid,373,0.0,3.6416997318156064e-05
n12_q0.25_r0,12,0.25,0,exact,373,0.0,1.0750001820269972e-05
n12_q0.25_r1,12,0.25,1,density,221,0.022123893805309734,1.237499964190647e-05
n12_q0.25_r1,12,0.25,1,insertion,226,0.0,1.5583005733788013e-05
n12_q0.25_r1,12,0.25,1,hybrid,226,0.0,3.570899571059272e-05
n12_q0.25_r1,12,0.25,1,exact,226,0.0,9.333001798950136e-06
n12_q0.25_r2,12,0.25,2,density,317,0.06764705882352941,1.2167001841589808e-05
n12_q0.25_r2,12,0.25,2,insertion,317,0.06764705882352941,1.6125006368383765e-05
n12_q0.25_r2,12,0.25,2,hybrid,317,0.06764705882352941,3.825000021606684e-05
n12_q0.25_r2,12,0.25,2,exact,340,0.0,7.832997653167695e-06
n12_q0.25_r3,12,0.25,3,density,306,0.0,1.2833996152039617e-05
n12_q0.25_r3,12,0.25,3,insertion,306,0.0,1.6250000044237822e-05
n12_q0.25_r3,12,0.25,3,hybrid,306,0.0,3.7707999581471086e-05
n12_q0.25_r3,12,0.25,3,exact,306,0.0,9.79100150289014e-06
n12_q0.25_r4,12,0.25,4,density,168,0.0,1.1999996786471456e-05
n12_q0.25_r4,12,0.25,4,insertion,168,0.0,1.550000160932541e-05
n12_q0.25_r4,12,0.25,4,hybrid,168,0.0,3.5625002055894583e-05
n12_q0.25_r4,12,0.25,4,exact,168,0.0,7.542003004346043e-06
n12_q0.25_r5,12,0.25,5,density,309,0.0,1.1500000255182385e-05
n12_q0.25_r5,12,0.25,5,insertion,309,0.0,1.554200571263209e-05
n12_q0.25_r5,12,0.25,5,hybrid,309,0.0,3.6749996070284396e-05
n12_q0.25_r5,12,0.25,5,exact,309,0.0,8.166003681253642e-06
n12_q0.25_r6,12,0.25,6,density,311,0.03115264797507788,1.195799995912239e-05
n12_q0.25_r6,12,0.25,6,insertion,321,0.0,1.570799940964207e-05
n12_q0.25_r6,12,0.25,6,hybrid,321,0.0,3.679200017359108e-05
n12_q0.25_r6,12,0.25,6,exact,321,0.0,9.04199987417087e-06
n12_q0.25_r7,12,0.25,7,density,234,0.0,1.1625001206994057e-05
n12_q0.25_r7,12,0.25,7,insertion,234,0.0,1.5082994650583714e-05
n12_q0.25_r7,12,0.25,7,hybrid,234,0.0,3.5458993806969374e-05
n12_q0.25_r7,12,0.25,7,exact,234,0.0,7.417002052534372e-06
n12_q0.25_r8,12,0.25,8,density,321,0.0,1.1791998986154795e-05
n12_q0.25_r8,12,0.25,8,insertion,321,0.0,1.5791003534104675e-05
n12_q0.25_r8,12,0.25,8,hybrid,321,0.0,3.766699956031516e-05
n12_q0.25_r8,12,0.25,8,exact,321,0.0,8.291004633065313e-06
n12_q0.25_r9,12,0.25,9,density,228,0.0,5.4708994866814464e-05
n12_q0.25_r9,12,0.25,9,insertion,228,0.0,1.591700129210949e-05
n12_q0.25_r9,12,0.25,9,hybrid,228,0.0,3.729199670488015e-05
n12_q0.25_r9,12,0.25,9,exact,228,0.0,8.541996066924185e-06
n12_q0.25_r10,12,0.25,10,density,208,0.06306306306306306,1.1791998986154795e-05
n12_q0.25_r10,12,0.25,10,insertion,221,0.0045045045045045045,1.4666999049950391e-05
n12_q0.25_r10,12,0.25,10,hybrid,221,0.0045045045045045045,3.591699351090938e-05
n12_q0.25_r10,12,0.25,10,exact,222,0.0,7.915994501672685e-06
n12_q0.25_r11,12,0.25,11,density,250,0.2260061919504644,1.1249998351559043e-05
n12_q0.25_r11,12,0.25,11,insertion,250,0.2260061919504644,1.454199809813872e-05
n12_q0.25_r11,12,0.25,11,hybrid,250,0.2260061919504644,3.4666998544707894e-05
n12_q0.25_r11,12,0.25,11,exact,323,0.0,8.374998287763447e-06
n12_q0.25_r12,12,0.25,12,density,261,0.184375,1.18750031106174e-05
n12_q0.25_r12,12,0.25,12,insertion,320,0.0,1.5458004781976342e-05
n12_q0.25_r12,12,0.25,12,hybrid,320,0.0,3.5875003959517926e-05
n12_q0.25_r12,12,0.25,12,exact,320,0.0,8.540999260731041e-06
n12_q0.25_r13,12,0.25,13,density,279,0.03125,1.1500000255182385e-05
n12_q0.25_r13,12,0.25,13,insertion,279,0.03125,1.5249999705702066e-05
n12_q0.25_r13,12,0.25,13,hybrid,279,0.03125,3.6833000194747e-05
n12_q0.25_r13,12,0.25,13,exact,288,0.0,8.625000191386789e-06
n12_q0.25_r14,12,0.25,14,density,171,0.20833333333333334,1.200000406242907e-05
n12_q0.25_r14,12,0.25,14,insertion,177,0.18055555555555555,1.5291996533051133e-05
n12_q0.25_r14,12,0.25,14,hybrid,177,0.18055555555555555,3.658300556708127e-05
n12_q0.25_r14,12,0.25,14,exact,216,0.0,7.124996045604348e-06
n12_q0.25_r15,12,0.25,15,density,260,0.2,1.1041993275284767e-05
n12_q0.25_r15,12,0.25,15,insertion,325,0.0,1.4875004126224667e-05
n12_q0.25_r15,12,0.25,15,hybrid,325,0.0,3.5291996027808636e-05
n12_q0.25_r15,12,0.25,15,exact,325,0.0,8.249997335951775e-06
n12_q0.25_r16,12,0.25,16,density,322,0.08781869688385269,1.1541997082531452e-05
n12_q0.25_r16,12,0.25,16,insertion,353,0.0,1.5541001630481333e-05
n12_q0.25_r16,12,0.25,16,hybrid,353,0.0,4.924999666400254e-05
n12_q0.25_r16,12,0.25,16,exact,353,0.0,7.708003977313638e-06
n12_q0.25_r17,12,0.25,17,density,213,0.03619909502262444,1.383299968438223e-05
n12_q0.25_r17,12,0.25,17,insertion,213,0.03619909502262444,1.5083001926541328e-05
n12_q0.25_r17,12,0.25,17,hybrid,213,0.03619909502262444,3.445900074439123e-05
n12_q0.25_r17,12,0.25,17,exact,221,0.0,7.6669966802001e-06
n12_q0.25_r18,12,0.25,18,density,337,0.11315789473684211,1.1874995834659785e-05
n12_q0.25_r18,12,0.25,18,insertion,367,0.034210526315789476,1.5791003534104675e-05
n12_q0.25_r18,12,0.25,18,hybrid,367,0.034210526315789476,3.7500001781154424e-05
n12_q0.25_r18,12,0.25,18,exact,380,0.0,7.9160017776303e-06
n12_q0.25_r19,12,0.25,19,density,280,0.06040268456375839,1.2708995200227946e-05
n12_q0.25_r19,12,0.25,19,insertion,298,0.0,1.6166995919775218e-05
n12_q0.25_r19,12,0.25,19,hybrid,298,0.0,3.729200398083776e-05
n12_q0.25_r19,12,0.25,19,exact,298,0.0,9.12499672267586e-06
n12_q0.25_r20,12,0.25,20,density,197,0.19591836734693877,1.1541997082531452e-05
n12_q0.25_r20,12,0.25,20,insertion,245,0.0,1.4500001270789653e-05
n12_q0.25_r20,12,0.25,20,hybrid,245,0.0,3.529200330376625e-05
n12_q0.25_r20,12,0.25,20,exact,245,0.0,8.37500556372106e-06
n12_q0.25_r21,12,0.25,21,density,172,0.17307692307692307,1.158300437964499e-05
n12_q0.25_r21,12,0.25,21,insertion,208,0.0,1.4875004126224667e-05
n12_q0.25_r21,12,0.25,21,hybrid,208,0.0,3.370799822732806e-05
n12_q0.25_r21,12,0.25,21,exact,208,0.0,7.333997928071767e-06
n12_q0.25_r22,12,0.25,22,density,271,0.16358024691358025,1.1166994227096438e-05
n12_q0.25_r22,12,0.25,22,insertion,324,0.0,1.4999997802078724e-05
n12_q0.25_r22,12,0.25,22,hybrid,324,0.0,3.579100302886218e-05
n12_q0.25_r22,12,0.25,22,exact,324,0.0,7.334005204029381e-06
n12_q0.25_r23,12,0.25,23,density,307,0.0,1.1500000255182385e-05
n12_q0.25_r23,12,0.25,23,insertion,307,0.0,1.5041005099192262e-05
n12_q0.25_r23,12,0.25,23,hybrid,307,0.0,3.512500552460551e-05
n12_q0.25_r23,12,0.25,23,exact,307,0.0,7.833994459360838e-06
n12_q0.25_r24,12,0.25,24,density,307,0.0,1.1333002476021647e-05
n12_q0.25_r24,12,0.25,24,insertion,307,0.0,1.4707999071106315e-05
n12_q0.25_r24,12,0.25,24,hybrid,307,0.0,3.458299761405215e-05
n12_q0.25_r24,12,0.25,24,exact,307,0.0,7.333001121878624e-06
n12_q0.25_r25,12,0.25,25,density,238,0.0703125,1.200000406242907e-05
n12_q0.25_r25,12,0.25,25,insertion,256,0.0,1.799999881768599e-05
n12_q0.25_r25,12,0.25,25,hybrid,256,0.0,3.658299829112366e-05
n12_q0.25_r25,12,0.25,25,exact,256,0.0,6.834001396782696e-06
n12_q0.25_r26,12,0.25,26,density,267,0.03260869565217391,1.1166994227096438e-05
n12_q0.25_r26,12,0.25,26,insertion,276,0.0,1.4542005374096334e-05
n12_q0.25_r26,12,0.25,26,hybrid,276,0.0,3.6124998587183654e-05
n12_q0.25_r26,12,0.25,26,exact,276,0.0,7.74999352870509e-06
n12_q0.25_r27,12,0.25,27,density,270,0.0,1.1167001503054053e-05
n12_q0.25_r27,12,0.25,27,insertion,270,0.0,1.4707999071106315e-05
n12_q0.25_r27,12,0.25,27,hybrid,270,0.0,3.4374999813735485e-05
n12_q0.25_r27,12,0.25,27,exact,270,0.0,7.374997949227691e-06
n12_q0.25_r28,12,0.25,28,density,241,0.09737827715355805,1.1541997082531452e-05
n12_q0.25_r28,12,0.25,28,insertion,261,0.02247191011235955,1.5375000657513738e-05
n12_q0.25_r28,12,0.25,28,hybrid,261,0.02247191011235955,3.620800271164626e-05
n12_q0.25_r28,12,0.25,28,exact,267,0.0,6.750000466126949e-06
n12_q0.25_r29,12,0.25,29,density,283,0.17251461988304093,1.1290998372714967e-05
n12_q0.25_r29,12,0.25,29,insertion,342,0.0,1.550000160932541e-05
n12_q0.25_r29,12,0.25,29,hybrid,342,0.0,3.7625002732966095e-05
n12_q0.25_r29,12,0.25,29,exact,342,0.0,7.707996701356024e-06
n12_q0.25_r30,12,0.25,30,density,313,0.0,1.1791002179961652e-05
n12_q0.25_r30,12,0.25,30,insertion,313,0.0,1.8375001673121005e-05
n12_q0.25_r30,12,0.25,30,hybrid,313,0.0,4.054199962411076e-05
n12_q0.25_r30,12,0.25,30,exact,313,0.0,8.374998287763447e-06
n12_q0.25_r31,12,0.25,31,density,304,0.10588235294117647,1.1709002137649804e-05
n12_q0.25_r31,12,0.25,31,insertion,340,0.0,1.504199462942779e-05
n12_q0.25_r31,12,0.25,31,hybrid,340,0.0,3.679200017359108e-05
n12_q0.25_r31,12,0.25,31,exact,340,0.0,7.834001735318452e-06
n12_q0.25_r32,12,0.25,32,density,275,0.1863905325443787,1.1124997399747372e-05
n12_q0.25_r32,12,0.25,32,insertion,338,0.0,1.4833996829111129e-05
n12_q0.25_r32,12,0.25,32,hybrid,338,0.0,3.5958000808022916e-05
n12_q0.25_r32,12,0.25,32,exact,338,0.0,9.04199987417087e-06
n12_q0.25_r33,12,0.25,33,density,182,0.1689497716894977,1.1624993931036443e-05
n12_q0.25_r33,12,0.25,33,insertion,219,0.0,1.5249999705702066e-05
n12_q0.25_r33,12,0.25,33,hybrid,219,0.0,3.724999987753108e-05
n12_q0.25_r33,12,0.25,33,exact,219,0.0,8.125003660097718e-06
n12_q0.25_r34,12,0.25,34,density,233,0.17667844522968199,1.2208001862745732e-05
n12_q0.25_r34,12,0.25,34,insertion,283,0.0,1.6833000699989498e-05
n12_q0.25_r34,12,0.25,34,hybrid,283,0.0,3.858299896819517e-05
n12_q0.25_r34,12,0.25,34,exact,283,0.0,7.750000804662704e-06
n12_q0.25_r35,12,0.25,35,density,181,0.0,2.5166002160403877e-05
n12_q0.25_r35,12,0.25,35,insertion,181,0.0,2.1583997295238078e-05
n12_q0.25_r35,12,0.25,35,hybrid,181,0.0,4.316699778428301e-05
n12_q0.25_r35,12,0.25,35,exact,181,0.0,1.0624993592500687e-05
n12_q0.25_r36,12,0.25,36,density,292,0.010169491525423728,1.4499993994832039e-05
n12_q0.25_r36,12,0.25,36,insertion,295,0.0,6.883400055812672e-05
n12_q0.25_r36,12,0.25,36,hybrid,295,0.0,0.00011279099999228492
n12_q0.25_r36,12,0.25,36,exact,295,0.0,1.2917000276502222e-05
n12_q0.25_r37,12,0.25,37,density,276,0.19767441860465115,1.4292003470472991e-05
n12_q0.25_r37,12,0.25,37,insertion,344,0.0,4.379200254334137e-05
n12_q0.25_r37,12,0.25,37,hybrid,344,0.0,0.00011295900185359642
n12_q0.25_r37,12,0.25,37,exact,344,0.0,1.083400275092572e-05
n12_q0.25_r38,12,0.25,38,density,357,0.02459016393442623,1.366700598737225e-05
n12_q0.25_r38,12,0.25,38,insertion,366,0.0,1.6333004168700427e-05
n12_q0.25_r38,12,0.25,38,hybrid,366,0.0,7.562500104540959e-05
n12_q0.25_r38,12,0.25,38,exact,366,0.0,1.341600000159815e-05
n12_q0.25_r39,12,0.25,39,density,246,0.12142857142857143,1.6915997548494488e-05
n12_q0.25_r39,12,0.25,39,insertion,269,0.039285714285714285,1.8500002624932677e-05
n12_q0.25_r39,12,0.25,39,hybrid,269,0.039285714285714285,4.2625004425644875e-05
n12_q0.25_r39,12,0.25,39,exact,280,0.0,9.291994501836598e-06
n12_q0.5_r0,12,0.5,0,density,328,0.08123249299719888,1.4666999049950391e-05
n12_q0.5_r0,12,0.5,0,insertion,349,0.022408963585434174,1.787499786587432e-05
n12_q0.5_r0,12,0.5,0,hybrid,349,0.022408963585434174,4.3542000639718026e-05
n12_q0.5_r0,12,0.5,0,exact,357,0.0,1.570799940964207e-05
n12_q0.5_r1,12,0.5,1,density,515,0.04981549815498155,1.2666001566685736e-05
n12_q0.5_r1,12,0.5,1,insertion,542,0.0,1.7250000382773578e-05
n12_q0.5_r1,12,0.5,1,hybrid,542,0.0,4.441700002644211e-05
n12_q0.5_r1,12,0.5,1,exact,542,0.0,1.7708000086713582e-05
n12_q0.5_r2,12,0.5,2,density,457,0.07862903225806452,1.2042000889778137e-05
n12_q0.5_r2,12,0.5,2,insertion,456,0.08064516129032258,1.7042002582456917e-05
n12_q0.5_r2,12,0.5,2,hybrid,457,0.07862903225806452,4.054199962411076e-05
n12_q0.5_r2,12,0.5,2,exact,496,0.0,1.266699837287888e-05
n12_q0.5_r3,12,0.5,3,density,401,0.16458333333333333,2.0500003302004188e-05
n12_q0.5_r3,12,0.5,3,insertion,457,0.04791666666666667,1.7167003534268588e-05
n12_q0.5_r3,12,0.5,3,hybrid,457,0.04791666666666667,4.1667000914458185e-05
n12_q0.5_r3,12,0.5,3,exact,480,0.0,1.3958000636193901e-05
n12_q0.5_r4,12,0.5,4,density,410,0.046511627906976744,1.2583004718180746e-05
n12_q0.5_r4,12,0.5,4,insertion,415,0.03488372093023256,1.716599945211783e-05
n12_q0.5_r4,12,0.5,4,hybrid,415,0.03488372093023256,4.316600097808987e-05
n12_q0.5_r4,12,0.5,4,exact,430,0.0,1.4500001270789653e-05
n12_q0.5_r5,12,0.5,5,density,301,0.13005780346820808,1.3624994608107954e-05
n12_q0.5_r5,12,0.5,5,insertion,346,0.0,1.720800355542451e-05
n12_q0.5_r5,12,0.5,5,hybrid,346,0.0,4.066599649377167e-05
n12_q0.5_r5,12,0.5,5,exact,346,0.0,1.4416000340133905e-05
n12_q0.5_r6,12,0.5,6,density,298,0.14613180515759314,1.2958000297658145e-05
n12_q0.5_r6,12,0.5,6,insertion,346,0.008595988538681949,1.6500001947861165e-05
n12_q0.5_r6,12,0.5,6,hybrid,346,0.008595988538681949,4.116600030101836e-05
n12_q0.5_r6,12,0.5,6,exact,349,0.0,1.45840022014454e-05
n12_q0.5_r7,12,0.5,7,density,298,0.08588957055214724,2.5375004042871296e-05
n12_q0.5_r7,12,0.5,7,insertion,320,0.018404907975460124,1.591700129210949e-05
n12_q0.5_r7,12,0.5,7,hybrid,320,0.018404907975460124,4.045799869345501e-05
n12_q0.5_r7,12,0.5,7,exact,326,0.0,1.2958997103851289e-05
n12_q0.5_r8,12,0.5,8,density,313,0.09011627906976744,1.2832999345846474e-05
n12_q0.5_r8,12,0.5,8,insertion,322,0.06395348837209303,1.6792000678833574e-05
n12_q0.5_r8,12,0.5,8,hybrid,322,0.06395348837209303,4.291699588065967e-05
n12_q0.5_r8,12,0.5,8,exact,344,0.0,1.570799940964207e-05
n12_q0.5_r9,12,0.5,9,density,478,0.14028776978417265,1.18750031106174e-05
n12_q0.5_r9,12,0.5,9,insertion,556,0.0,1.6625002899672836e-05
n12_q0.5_r9,12,0.5,9,hybrid,556,0.0,4.387499939184636e-05
n12_q0.5_r9,12,0.5,9,exact,556,0.0,1.5916004485916346e-05
n12_q0.5_r10,12,0.5,10,density,427,0.06359649122807018,1.1750002158805728e-05
n12_q0.5_r10,12,0.5,10,insertion,456,0.0,1.562500256113708e-05
n12_q0.5_r10,12,0.5,10,hybrid,456,0.0,4.020799678983167e-05
n12_q0.5_r10,12,0.5,10,exact,456,0.0,1.2500000593718141e-05
n12_q0.5_r11,12,0.5,11,density,333,0.22916666666666666,1.2333002814557403e-05
n12_q0.5_r11,12,0.5,11,insertion,409,0.05324074074074074,1.666600292082876e-05
n12_q0.5_r11,12,0.5,11,hybrid,409,0.05324074074074074,4.158299998380244e-05
n12_q0.5_r11,12,0.5,11,exact,432,0.0,1.5165998775046319e-05
n12_q0.5_r12,12,0.5,12,density,387,0.0979020979020979,1.2665994290728122e-05
n12_q0.5_r12,12,0.5,12,insertion,429,0.0,1.6999998479150236e-05
n12_q0.5_r12,12,0.5,12,hybrid,429,0.0,4.366599750937894e-05
n12_q0.5_r12,12,0.5,12,exact,429,0.0,1.4416997146327049e-05
n12_q0.5_r13,12,0.5,13,density,395,0.12416851441241686,1.1542004358489066e-05
n12_q0.5_r13,12,0.5,13,insertion,445,0.013303769401330377,1.599999814061448e-05
n12_q0.5_r13,12,0.5,13,hybrid,445,0.013303769401330377,4.1250001231674105e-05
n12_q0.5_r13,12,0.5,13,exact,451,0.0,1.2415999663062394e-05
n12_q0.5_r14,12,0.5,14,density,364,0.14352941176470588,1.1708005331456661e-05
n12_q0.5_r14,12,0.5,14,insertion,415,0.023529411764705882,1.6165999113582075e-05
n12_q0.5_r14,12,0.5,14,hybrid,415,0.023529411764705882,4.7458997869398445e-05
n12_q0.5_r14,12,0.5,14,exact,425,0.0,1.416700251866132e-05
n12_q0.5_r15,12,0.5,15,density,411,0.059496567505720827,1.1750002158805728e-05
n12_q0.5_r15,12,0.5,15,insertion,417,0.04576659038901602,1.758299913490191e-05
n12_q0.5_r15,12,0.5,15,hybrid,417,0.04576659038901602,4.212500061839819e-05
n12_q0.5_r15,12,0.5,15,exact,437,0.0,1.4208002539817244e-05
n12_q0.5_r16,12,0.5,16,density,366,0.08728179551122195,1.1749994882848114e-05
n12_q0.5_r16,12,0.5,16,insertion,401,0.0,1.6250000044237822e-05
n12_q0.5_r16,12,0.5,16,hybrid,401,0.0,4.2791994928848e-05
n12_q0.5_r16,12,0.5,16,exact,401,0.0,1.3790995581075549e-05
n12_q0.5_r17,12,0.5,17,density,456,0.12138728323699421,1.266699837287888e-05
n12_q0.5_r17,12,0.5,17,insertion,519,0.0,1.6999998479150236e-05
n12_q0.5_r17,12,0.5,17,hybrid,519,0.0,4.66250057797879e-05
n12_q0.5_r17,12,0.5,17,exact,519,0.0,1.4208999346010387e-05
n12_q0.5_r18,12,0.5,18,density,331,0.1126005361930295,1.237499964190647e-05
n12_q0.5_r18,12,0.5,18,insertion,373,0.0,1.6416001017205417e-05
n12_q0.5_r18,12,0.5,18,hybrid,373,0.0,4.187499871477485e-05
n12_q0.5_r18,12,0.5,18,exact,373,0.0,1.3999997463542968e-05
n12_q0.5_r19,12,0.5,19,density,477,0.1733102253032929,1.1083000572398305e-05
n12_q0.5_r19,12,0.5,19,insertion,577,0.0,1.5624995285179466e-05
n12_q0.5_r19,12,0.5,19,hybrid,577,0.0,4.066599649377167e-05
n12_q0.5_r19,12,0.5,19,exact,577,0.0,1.695800165180117e-05
n12_q0.5_r20,12,0.5,20,density,439,0.15900383141762453,1.2042000889778137e-05
n12_q0.5_r20,12,0.5,20,insertion,522,0.0,1.654199877521023e-05
n12_q0.5_r20,12,0.5,20,hybrid,522,0.0,5.233300180407241e-05
n12_q0.5_r20,12,0.5,20,exact,522,0.0,1.416700251866132e-05
n12_q0.5_r21,12,0.5,21,density,305,0.10294117647058823,1.2167001841589808e-05
n12_q0.5_r21,12,0.5,21,insertion,325,0.04411764705882353,1.637499372009188e-05
n12_q0.5_r21,12,0.5,21,hybrid,325,0.04411764705882353,4.187500599073246e-05
n12_q0.5_r21,12,0.5,21,exact,340,0.0,1.4334000297822058e-05
n12_q0.5_r22,12,0.5,22,density,418,0.12734864300626306,1.2500000593718141e-05
n12_q0.5_r22,12,0.5,22,insertion,479,0.0,2.562500594649464e-05
n12_q0.5_r22,12,0.5,22,hybrid,479,0.0,4.470800195122138e-05
n12_q0.5_r22,12,0.5,22,exact,479,0.0,1.416700251866132e-05
n12_q0.5_r23,12,0.5,23,density,343,0.14463840399002495,1.2707998394034803e-05
n12_q0.5_r23,12,0.5,23,insertion,391,0.02493765586034913,1.9334001990500838e-05
n12_q0.5_r23,12,0.5,23,hybrid,391,0.02493765586034913,4.108300345251337e-05
n12_q0.5_r23,12,0.5,23,exact,401,0.0,1.4083001588005573e-05
n12_q0.5_r24,12,0.5,24,density,298,0.026143790849673203,1.1834003089461476e-05
n12_q0.5_r24,12,0.5,24,insertion,302,0.013071895424836602,1.7291000403929502e-05
n12_q0.5_r24,12,0.5,24,hybrid,302,0.013071895424836602,4.3499996536411345e-05
n12_q0.5_r24,12,0.5,24,exact,306,0.0,1.18750031106174e-05
n12_q0.5_r25,12,0.5,25,density,365,0.2898832684824903,1.1916999937966466e-05
n12_q0.5_r25,12,0.5,25,insertion,514,0.0,1.6291000065393746e-05
n12_q0.5_r25,12,0.5,25,hybrid,514,0.0,4.2915999074466527e-05
n12_q0.5_r25,12,0.5,25,exact,514,0.0,1.3625001884065568e-05
n12_q0.5_r26,12,0.5,26,density,429,0.08528784648187633,1.1874995834659785e-05
n12_q0.5_r26,12,0.5,26,insertion,469,0.0,1.6624995623715222e-05
n12_q0.5_r26,12,0.5,26,hybrid,469,0.0,4.41250012954697e-05
n12_q0.5_r26,12,0.5,26,exact,469,0.0,1.3875003787688911e-05
n12_q0.5_r27,12,0.5,27,density,321,0.23205741626794257,1.18750031106174e-05
n12_q0.5_r27,12,0.5,27,insertion,418,0.0,1.5958998119458556e-05
n12_q0.5_r27,12,0.5,27,hybrid,418,0.0,4.0166996768675745e-05
n12_q0.5_r27,12,0.5,27,exact,418,0.0,1.1374999303370714e-05
n12_q0.5_r28,12,0.5,28,density,298,0.18579234972677597,1.2208998668938875e-05
n12_q0.5_r28,12,0.5,28,insertion,366,0.0,1.6375000996049494e-05
n12_q0.5_r28,12,0.5,28,hybrid,366,0.0,3.9917002141010016e-05
n12_q0.5_r28,12,0.5,28,exact,366,0.0,1.2500000593718141e-05
n12_q0.5_r29,12,0.5,29,density,299,0.24494949494949494,1.2207994586788118e-05
n12_q0.5_r29,12,0.5,29,insertion,396,0.0,1.6916004824452102e-05
n12_q0.5_r29,12,0.5,29,hybrid,396,0.0,4.3000000005122274e-05
n12_q0.5_r29,12,0.5,29,exact,396,0.0,1.1208001524209976e-05
n12_q0.5_r30,12,0.5,30,density,323,0.10773480662983426,1.2416996469255537e-05
n12_q0.5_r30,12,0.5,30,insertion,362,0.0,1.6457997844554484e-05
n12_q0.5_r30,12,0.5,30,hybrid,362,0.0,4.954199539497495e-05
n12_q0.5_r30,12,0.5,30,exact,362,0.0,1.2875003449153155e-05
n12_q0.5_r31,12,0.5,31,density,403,0.08616780045351474,1.1500000255182385e-05
n12_q0.5_r31,12,0.5,31,insertion,441,0.0,1.5749996236991137e-05
n12_q0.5_r31,12,0.5,31,hybrid,441,0.0,3.983300121035427e-05
n12_q0.5_r31,12,0.5,31,exact,441,0.0,1.1791998986154795e-05
n12_q0.5_r32,12,0.5,32,density,571,0.040336134453781515,1.1709002137649804e-05
n12_q0.5_r32,12,0.5,32,insertion,571,0.040336134453781515,1.620799594093114e-05
n12_q0.5_r32,12,0.5,32,hybrid,571,0.040336134453781515,4.225000157020986e-05
n12_q0.5_r32,12,0.5,32,exact,595,0.0,1.3665994629263878e-05
n12_q0.5_r33,12,0.5,33,density,408,0.15702479338842976,1.229200279340148e-05
n12_q0.5_r33,12,0.5,33,insertion,479,0.010330578512396695,1.7041995306499302e-05
n12_q0.5_r33,12,0.5,33,hybrid,479,0.010330578512396695,4.558300133794546e-05
n12_q0.5_r33,12,0.5,33,exact,484,0.0,1.274999522138387e-05
n12_q0.5_r34,12,0.5,34,density,281,0.17352941176470588,1.2458003766369075e-05
n12_q0.5_r34,12,0.5,34,insertion,340,0.0,1.6750003851484507e-05
n12_q0.5_r34,12,0.5,34,hybrid,340,0.0,4.1541999962646514e-05
n12_q0.5_r34,12,0.5,34,exact,340,0.0,1.6999998479150236e-05
n12_q0.5_r35,12,0.5,35,density,385,0.15198237885462554,1.2917000276502222e-05
n12_q0.5_r35,12,0.5,35,insertion,443,0.024229074889867842,1.7583995941095054e-05
n12_q0.5_r35,12,0.5,35,hybrid,443,0.024229074889867842,4.4583000999409705e-05
n12_q0.5_r35,12,0.5,35,exact,454,0.0,1.3166005373932421e-05
n12_q0.5_r36,12,0.5,36,density,432,0.15789473684210525,1.2208001862745732e-05
n12_q0.5_r36,12,0.5,36,insertion,488,0.04873294346978557,1.658300607232377e-05
n12_q0.5_r36,12,0.5,36,hybrid,488,0.04873294346978557,4.099999932805076e-05
n12_q0.5_r36,12,0.5,36,exact,513,0.0,1.200000406242907e-05
n12_q0.5_r37,12,0.5,37,density,369,0.10218978102189781,1.1791998986154795e-05
n12_q0.5_r37,12,0.5,37,insertion,408,0.0072992700729927005,1.5958001313265413e-05
n12_q0.5_r37,12,0.5,37,hybrid,408,0.0072992700729927005,4.1833998693618923e-05
n12_q0.5_r37,12,0.5,37,exact,411,0.0,1.5040997823234648e-05
n12_q0.5_r38,12,0.5,38,density,521,0.0,1.200000406242907e-05
n12_q0.5_r38,12,0.5,38,insertion,521,0.0,1.6291000065393746e-05
n12_q0.5_r38,12,0.5,38,hybrid,521,0.0,4.166599683230743e-05
n12_q0.5_r38,12,0.5,38,exact,521,0.0,1.3999997463542968e-05
n12_q0.5_r39,12,0.5,39,density,451,0.028017241379310345,1.2291995517443866e-05
n12_q0.5_r39,12,0.5,39,insertion,451,0.028017241379310345,1.654100196901709e-05
n12_q0.5_r39,12,0.5,39,hybrid,451,0.028017241379310345,4.2291001591365784e-05
n12_q0.5_r39,12,0.5,39,exact,464,0.0,1.3500000932253897e-05
n12_q0.75_r0,12,0.75,0,density,569,0.135258358662614,1.3167002180125564e-05
n12_q0.75_r0,12,0.75,0,insertion,658,0.0,1.76659959834069e-05
n12_q0.75_r0,12,0.75,0,hybrid,658,0.0,4.6458000724669546e-05
n12_q0.75_r0,12,0.75,0,exact,658,0.0,2.55839986493811e-05
n12_q0.75_r1,12,0.75,1,density,336,0.11345646437994723,1.279199932469055e-05
n12_q0.75_r1,12,0.75,1,insertion,379,0.0,1.7541002307552844e-05
n12_q0.75_r1,12,0.75,1,hybrid,379,0.0,4.545800038613379e-05
n12_q0.75_r1,12,0.75,1,exact,379,0.0,1.9917002646252513e-05
n12_q0.75_r2,12,0.75,2,density,494,0.1598639455782313,1.2042000889778137e-05
n12_q0.75_r2,12,0.75,2,insertion,588,0.0,1.679100387264043e-05
n12_q0.75_r2,12,0.75,2,hybrid,588,0.0,4.579200322041288e-05
n12_q0.75_r2,12,0.75,2,exact,588,0.0,1.9917002646252513e-05
n12_q0.75_r3,12,0.75,3,density,442,0.19782214156079855,2.3125001462176442e-05
n12_q0.75_r3,12,0.75,3,insertion,551,0.0,1.712500670691952e-05
n12_q0.75_r3,12,0.75,3,hybrid,551,0.0,4.3707994336728007e-05
n12_q0.75_r3,12,0.75,3,exact,551,0.0,2.300000051036477e-05
n12_q0.75_r4,12,0.75,4,density,397,0.19308943089430894,1.18750031106174e-05
n12_q0.75_r4,12,0.75,4,insertion,478,0.028455284552845527,1.6624995623715222e-05
n12_q0.75_r4,12,0.75,4,hybrid,478,0.028455284552845527,4.325000190874562e-05
n12_q0.75_r4,12,0.75,4,exact,492,0.0,2.129199856426567e-05
n12_q0.75_r5,12,0.75,5,density,390,0.20081967213114754,1.354100095340982e-05
n12_q0.75_r5,12,0.75,5,insertion,476,0.02459016393442623,1.704099850030616e-05
n12_q0.75_r5,12,0.75,5,hybrid,476,0.02459016393442623,4.1250001231674105e-05
n12_q0.75_r5,12,0.75,5,exact,488,0.0,2.2791995434090495e-05
n12_q0.75_r6,12,0.75,6,density,610,0.03937007874015748,1.1541997082531452e-05
n12_q0.75_r6,12,0.75,6,insertion,635,0.0,1.6375000996049494e-05
n12_q0.75_r6,12,0.75,6,hybrid,635,0.0,4.44999968749471e-05
n12_q0.75_r6,12,0.75,6,exact,635,0.0,1.6457997844554484e-05
n12_q0.75_r7,12,0.75,7,density,548,0.10163934426229508,1.1750002158805728e-05
n12_q0.75_r7,12,0.75,7,insertion,603,0.011475409836065573,3.0208997486624867e-05
n12_q0.75_r7,12,0.75,7,hybrid,603,0.011475409836065573,4.454200097825378e-05
n12_q0.75_r7,12,0.75,7,exact,610,0.0,2.6041001547127962e-05
n12_q0.75_r8,12,0.75,8,density,607,0.06327160493827161,1.2916003470309079e-05
n12_q0.75_r8,12,0.75,8,insertion,648,0.0,1.8500002624932677e-05
n12_q0.75_r8,12,0.75,8,hybrid,648,0.0,4.666699533117935e-05
n12_q0.75_r8,12,0.75,8,exact,648,0.0,2.3874999897088856e-05
n12_q0.75_r9,12,0.75,9,density,525,0.05913978494623656,1.2042000889778137e-05
n12_q0.75_r9,12,0.75,9,insertion,558,0.0,1.620799594093114e-05
n12_q0.75_r9,12,0.75,9,hybrid,558,0.0,4.225000157020986e-05
n12_q0.75_r9,12,0.75,9,exact,558,0.0,1.591700129210949e-05
n12_q0.75_r10,12,0.75,10,density,587,0.06825396825396825,1.3124998076818883e-05
n12_q0.75_r10,12,0.75,10,insertion,630,0.0,1.7041995306499302e-05
n12_q0.75_r10,12,0.75,10,hybrid,630,0.0,4.4749998778570443e-05
n12_q0.75_r10,12,0.75,10,exact,630,0.0,2.0874998881481588e-05
n12_q0.75_r11,12,0.75,11,density,482,0.19666666666666666,1.2249998690094799e-05
n12_q0.75_r11,12,0.75,11,insertion,587,0.021666666666666667,1.7124999430961907e-05
n12_q0.75_r11,12,0.75,11,hybrid,587,0.021666666666666667,4.512500163400546e-05
n12_q0.75_r11,12,0.75,11,exact,600,0.0,1.8375001673121005e-05
n12_q0.75_r12,12,0.75,12,density,421,0.06858407079646017,1.2500000593718141e-05
n12_q0.75_r12,12,0.75,12,insertion,452,0.0,1.7041995306499302e-05
n12_q0.75_r12,12,0.75,12,hybrid,452,0.0,4.8624999180901796e-05
n12_q0.75_r12,12,0.75,12,exact,452,0.0,1.599999814061448e-05
n12_q0.75_r13,12,0.75,13,density,498,0.17275747508305647,1.133399928221479e-05
n12_q0.75_r13,12,0.75,13,insertion,593,0.014950166112956811,1.6083002265077084e-05
n12_q0.75_r13,12,0.75,13,hybrid,593,0.014950166112956811,4.237499524606392e-05
n12_q0.75_r13,12,0.75,13,exact,602,0.0,1.9874998542945832e-05
n12_q0.75_r14,12,0.75,14,density,435,0.12298387096774194,1.200000406242907e-05
n12_q0.75_r14,12,0.75,14,insertion,493,0.006048387096774193,2.0291998225729913e-05
n12_q0.75_r14,12,0.75,14,hybrid,493,0.006048387096774193,4.3042004108428955e-05
n12_q0.75_r14,12,0.75,14,exact,496,0.0,1.7875005141831934e-05
n12_q0.75_r15,12,0.75,15,density,518,0.15497553017944535,1.166600122814998e-05
n12_q0.75_r15,12,0.75,15,insertion,613,0.0,1.6292004147544503e-05
n12_q0.75_r15,12,0.75,15,hybrid,613,0.0,4.358400474302471e-05
n12_q0.75_r15,12,0.75,15,exact,613,0.0,2.099999983329326e-05
n12_q0.75_r16,12,0.75,16,density,213,0.2604166666666667,1.245799649041146e-05
n12_q0.75_r16,12,0.75,16,insertion,288,0.0,1.695800165180117e-05
n12_q0.75_r16,12,0.75,16,hybrid,288,0.0,4.445900412974879e-05
n12_q0.75_r16,12,0.75,16,exact,288,0.0,1.6250000044237822e-05
n12_q0.75_r17,12,0.75,17,density,509,0.09430604982206406,1.2707998394034803e-05
n12_q0.75_r17,12,0.75,17,insertion,562,0.0,1.6416001017205417e-05
n12_q0.75_r17,12,0.75,17,hybrid,562,0.0,4.3666004785336554e-05
n12_q0.75_r17,12,0.75,17,exact,562,0.0,2.4583001504652202e-05
n12_q0.75_r18,12,0.75,18,density,460,0.0891089108910891,1.2290998711250722e-05
n12_q0.75_r18,12,0.75,18,insertion,505,0.0,1.687500480329618e-05
n12_q0.75_r18,12,0.75,18,hybrid,505,0.0,4.44999968749471e-05
n12_q0.75_r18,12,0.75,18,exact,505,0.0,1.7708000086713582e-05
n12_q0.75_r19,12,0.75,19,density,366,0.28654970760233917,1.2583004718180746e-05
n12_q0.75_r19,12,0.75,19,insertion,513,0.0,1.7124999430961907e-05
n12_q0.75_r19,12,0.75,19,hybrid,513,0.0,4.6832996304146945e-05
n12_q0.75_r19,12,0.75,19,exact,513,0.0,2.254099672427401e-05
n12_q0.75_r20,12,0.75,20,density,409,0.16869918699186992,1.3207994925323874e-05
n12_q0.75_r20,12,0.75,20,insertion,492,0.0,1.7791004211176187e-05
n12_q0.75_r20,12,0.75,20,hybrid,492,0.0,4.4540996896103024e-05
n12_q0.75_r20,12,0.75,20,exact,492,0.0,2.0082996343262494e-05
n12_q0.75_r21,12,0.75,21,density,437,0.1312127236580517,1.3624994608107954e-05
n12_q0.75_r21,12,0.75,21,insertion,489,0.027833001988071572,1.700000575510785e-05
n12_q0.75_r21,12,0.75,21,hybrid,489,0.027833001988071572,4.462499782675877e-05
n12_q0.75_r21,12,0.75,21,exact,503,0.0,2.5875000574160367e-05
n12_q0.75_r22,12,0.75,22,density,494,0.13485113835376533,1.6750003851484507e-05
n12_q0.75_r22,12,0.75,22,insertion,571,0.0,1.737500133458525e-05
n12_q0.75_r22,12,0.75,22,hybrid,571,0.0,4.679099947679788e-05
n12_q0.75_r22,12,0.75,22,exact,571,0.0,2.1667001419700682e-05
n12_q0.75_r23,12,0.75,23,density,451,0.17399267399267399,1.2833996152039617e-05
n12_q0.75_r23,12,0.75,23,insertion,546,0.0,1.7124999430961907e-05
n12_q0.75_r23,12,0.75,23,hybrid,546,0.0,4.445899685379118e-05
n12_q0.75_r23,12,0.75,23,exact,546,0.0,2.2416999854613096e-05
n12_q0.75_r24,12,0.75,24,density,513,0.109375,1.1832999007310718e-05
n12_q0.75_r24,12,0.75,24,insertion,553,0.03993055555555555,1.654199877521023e-05
n12_q0.75_r24,12,0.75,24,hybrid,553,0.03993055555555555,4.366699431557208e-05
n12_q0.75_r24,12,0.75,24,exact,576,0.0,1.7625003238208592e-05
n12_q0.75_r25,12,0.75,25,density,590,0.1348973607038123,1.1042000551242381e-05
n12_q0.75_r25,12,0.75,25,insertion,682,0.0,1.5791003534104675e-05
n12_q0.75_r25,12,0.75,25,hybrid,682,0.0,4.36670015915297e-05
n12_q0.75_r25,12,0.75,25,exact,682,0.0,1.7541999113745987e-05
n12_q0.75_r26,12,0.75,26,density,516,0.11794871794871795,1.1625001206994057e-05
n12_q0.75_r26,12,0.75,26,insertion,585,0.0,1.7750004190020263e-05
n12_q0.75_r26,12,0.75,26,hybrid,585,0.0,4.3542000639718026e-05
n12_q0.75_r26,12,0.75,26,exact,585,0.0,2.3749998945277184e-05
n12_q0.75_r27,12,0.75,27,density,577,0.02037351443123939,1.133399928221479e-05
n12_q0.75_r27,12,0.75,27,insertion,589,0.0,1.7042002582456917e-05
n12_q0.75_r27,12,0.75,27,hybrid,589,0.0,4.462499782675877e-05
n12_q0.75_r27,12,0.75,27,exact,589,0.0,2.2291998902801424e-05
n12_q0.75_r28,12,0.75,28,density,316,0.20802005012531327,1.2415999663062394e-05
n12_q0.75_r28,12,0.75,28,insertion,399,0.0,1.666600292082876e-05
n12_q0.75_r28,12,0.75,28,hybrid,399,0.0,4.320800508139655e-05
n12_q0.75_r28,12,0.75,28,exact,399,0.0,1.6083002265077084e-05
n12_q0.75_r29,12,0.75,29,density,538,0.06597222222222222,1.1374999303370714e-05
n12_q0.75_r29,12,0.75,29,insertion,576,0.0,1.599999814061448e-05
n12_q0.75_r29,12,0.75,29,hybrid,576,0.0,4.36670015915297e-05
n12_q0.75_r29,12,0.75,29,exact,576,0.0,3.7582998629659414e-05
n12_q0.75_r30,12,0.75,30,density,493,0.09872029250457039,1.591700129210949e-05
n12_q0.75_r30,12,0.75,30,insertion,545,0.003656307129798903,1.962499663932249e-05
n12_q0.75_r30,12,0.75,30,hybrid,545,0.003656307129798903,4.8125002649612725e-05
n12_q0.75_r30,12,0.75,30,exact,547,0.0,2.291700366185978e-05
n12_q0.75_r31,12,0.75,31,density,436,0.10103092783505155,1.445900124963373e-05
n12_q0.75_r31,12,0.75,31,insertion,482,0.006185567010309278,1.808399974834174e-05
n12_q0.75_r31,12,0.75,31,hybrid,482,0.006185567010309278,4.84589982079342e-05
n12_q0.75_r31,12,0.75,31,exact,485,0.0,1.941599475685507e-05
n12_q0.75_r32,12,0.75,32,density,568,0.048576214405360134,3.579199983505532e-05
n12_q0.75_r32,12,0.75,32,insertion,584,0.021775544388609715,2.2125001123640686e-05
n12_q0.75_r32,12,0.75,32,hybrid,584,0.021775544388609715,5.254099960438907e-05
n12_q0.75_r32,12,0.75,32,exact,597,0.0,2.416700590401888e-05
n12_q0.75_r33,12,0.75,33,density,541,0.007339449541284404,1.4625002222601324e-05
n12_q0.75_r33,12,0.75,33,insertion,545,0.0,1.8582999473437667e-05
n12_q0.75_r33,12,0.75,33,hybrid,545,0.0,4.887500108452514e-05
n12_q0.75_r33,12,0.75,33,exact,545,0.0,2.2332998923957348e-05
n12_q0.75_r34,12,0.75,34,density,458,0.059548254620123205,1.3208999007474631e-05
n12_q0.75_r34,12,0.75,34,insertion,476,0.022587268993839837,1.799999881768599e-05
n12_q0.75_r34,12,0.75,34,hybrid,476,0.022587268993839837,4.758300201501697e-05
n12_q0.75_r34,12,0.75,34,exact,487,0.0,2.0958003005944192e-05
n12_q0.75_r35,12,0.75,35,density,534,0.03260869565217391,1.3125005352776498e-05
n12_q0.75_r35,12,0.75,35,insertion,552,0.0,2.95409990940243e-05
n12_q0.75_r35,12,0.75,35,hybrid,552,0.0,5.6041004427243024e-05
n12_q0.75_r35,12,0.75,35,exact,552,0.0,2.170899824704975e-05
n12_q0.75_r36,12,0.75,36,density,441,0.2625418060200669,1.308399805566296e-05
n12_q0.75_r36,12,0.75,36,insertion,598,0.0,1.7541999113745987e-05
n12_q0.75_r36,12,0.75,36,hybrid,598,0.0,4.8333000449929386e-05
n12_q0.75_r36,12,0.75,36,exact,598,0.0,2.4917004338931292e-05
n12_q0.75_r37,12,0.75,37,density,359,0.11576354679802955,1.3000004400964826e-05
n12_q0.75_r37,12,0.75,37,insertion,406,0.0,1.816699659684673e-05
n12_q0.75_r37,12,0.75,37,hybrid,406,0.0,4.749999789055437e-05
n12_q0.75_r37,12,0.75,37,exact,406,0.0,2.0415995095390826e-05
n12_q0.75_r38,12,0.75,38,density,378,0.21085594989561587,1.204099680762738e-05
n12_q0.75_r38,12,0.75,38,insertion,479,0.0,1.6707999748177826e-05
n12_q0.75_r38,12,0.75,38,hybrid,479,0.0,4.4333995901979506e-05
n12_q0.75_r38,12,0.75,38,exact,479,0.0,1.99169953702949e-05
n12_q0.75_r39,12,0.75,39,density,500,0.140893470790378,1.2541997421067208e-05
n12_q0.75_r39,12,0.75,39,insertion,582,0.0,1.95419997908175e-05
n12_q0.75_r39,12,0.75,39,hybrid,582,0.0,4.745799378724769e-05
n12_q0.75_r39,12,0.75,39,exact,582,0.0,1.8250000721309334e-05
n12_q1.0_r0,12,1.0,0,density,400,0.02912621359223301,1.3374999980442226e-05
n12_q1.0_r0,12,1.0,0,insertion,412,0.0,1.758299913490191e-05
n12_q1.0_r0,12,1.0,0,hybrid,412,0.0,5.066599987912923e-05
n12_q1.0_r0,12,1.0,0,exact,412,0.0,2.704199869185686e-05
n12_q1.0_r1,12,1.0,1,density,532,0.09215017064846416,2.870900061680004e-05
n12_q1.0_r1,12,1.0,1,insertion,586,0.0,1.7459002265240997e-05
n12_q1.0_r1,12,1.0,1,hybrid,586,0.0,5.183400207897648e-05
n12_q1.0_r1,12,1.0,1,exact,586,0.0,2.4333996407222003e-05
n12_q1.0_r2,12,1.0,2,density,541,0.025225225225225224,1.3250006304588169e-05
n12_q1.0_r2,12,1.0,2,insertion,555,0.0,1.7624995962250978e-05
n12_q1.0_r2,12,1.0,2,hybrid,555,0.0,4.966600681655109e-05
n12_q1.0_r2,12,1.0,2,exact,555,0.0,3.1708994356449693e-05
n12_q1.0_r3,12,1.0,3,density,432,0.10743801652892562,1.1874995834659785e-05
n12_q1.0_r3,12,1.0,3,insertion,484,0.0,1.837499439716339e-05
n12_q1.0_r3,12,1.0,3,hybrid,484,0.0,4.695800453191623e-05
n12_q1.0_r3,12,1.0,3,exact,484,0.0,2.4165994545910507e-05
n12_q1.0_r4,12,1.0,4,density,430,0.17307692307692307,1.2084004993084818e-05
n12_q1.0_r4,12,1.0,4,insertion,516,0.007692307692307693,1.7374994058627635e-05
n12_q1.0_r4,12,1.0,4,hybrid,516,0.007692307692307693,4.716700641438365e-05
n12_q1.0_r4,12,1.0,4,exact,520,0.0,1.8958999135065824e-05
n12_q1.0_r5,12,1.0,5,density,542,0.07032590051457976,1.4665994967799634e-05
n12_q1.0_r5,12,1.0,5,insertion,583,0.0,1.7041995306499302e-05
n12_q1.0_r5,12,1.0,5,hybrid,583,0.0,4.8999994760379195e-05
n12_q1.0_r5,12,1.0,5,exact,583,0.0,1.8582999473437667e-05
n12_q1.0_r6,12,1.0,6,density,574,0.21904761904761905,1.1415999324526638e-05
n12_q1.0_r6,12,1.0,6,insertion,735,0.0,1.6250000044237822e-05
n12_q1.0_r6,12,1.0,6,hybrid,735,0.0,4.562499816529453e-05
n12_q1.0_r6,12,1.0,6,exact,735,0.0,3.191699943272397e-05
n12_q1.0_r7,12,1.0,7,density,579,0.06763285024154589,1.170899486169219e-05
n12_q1.0_r7,12,1.0,7,insertion,621,0.0,1.6457997844554484e-05
n12_q1.0_r7,12,1.0,7,hybrid,621,0.0,4.6749999455641955e-05
n12_q1.0_r7,12,1.0,7,exact,621,0.0,2.6665999030228704e-05
n12_q1.0_r8,12,1.0,8,density,318,0.22249388753056235,1.3249999028630555e-05
n12_q1.0_r8,12,1.0,8,insertion,409,0.0,1.8042002920992672e-05
n12_q1.0_r8,12,1.0,8,hybrid,409,0.0,5.445799615699798e-05
n12_q1.0_r8,12,1.0,8,exact,409,0.0,2.6374997105449438e-05
n12_q1.0_r9,12,1.0,9,density,478,0.040160642570281124,1.3625001884065568e-05
n12_q1.0_r9,12,1.0,9,insertion,498,0.0,1.7708996892906725e-05
n12_q1.0_r9,12,1.0,9,hybrid,498,0.0,5.229099770076573e-05
n12_q1.0_r9,12,1.0,9,exact,498,0.0,1.6624995623715222e-05
n12_q1.0_r10,12,1.0,10,density,500,0.08424908424908426,1.4208002539817244e-05
n12_q1.0_r10,12,1.0,10,insertion,546,0.0,1.6874997527338564e-05
n12_q1.0_r10,12,1.0,10,hybrid,546,0.0,4.962499951943755e-05
n12_q1.0_r10,12,1.0,10,exact,546,0.0,2.37500062212348e-05
n12_q1.0_r11,12,1.0,11,density,479,0.1825938566552901,1.3749995559919626e-05
n12_q1.0_r11,12,1.0,11,insertion,586,0.0,1.8124999769497663e-05
n12_q1.0_r11,12,1.0,11,hybrid,586,0.0,4.891599382972345e-05
n12_q1.0_r11,12,1.0,11,exact,586,0.0,2.712499554036185e-05
n12_q1.0_r12,12,1.0,12,density,435,0.15369649805447472,1.2833006621804088e-05
n12_q1.0_r12,12,1.0,12,insertion,511,0.005836575875486381,1.7958001990336925e-05
n12_q1.0_r12,12,1.0,12,hybrid,511,0.005836575875486381,4.93340048706159e-05
n12_q1.0_r12,12,1.0,12,exact,514,0.0,2.6790999982040375e-05
n12_q1.0_r13,12,1.0,13,density,480,0.17098445595854922,1.3207994925323874e-05
n12_q1.0_r13,12,1.0,13,insertion,579,0.0,1.8124999769497663e-05
n12_q1.0_r13,12,1.0,13,hybrid,579,0.0,4.9041998863685876e-05
n12_q1.0_r13,12,1.0,13,exact,579,0.0,1.912500010803342e-05
n12_q1.0_r14,12,1.0,14,density,523,0.2039573820395738,1.2750002497341484e-05
n12_q1.0_r14,12,1.0,14,insertion,657,0.0,1.745799818309024e-05
n12_q1.0_r14,12,1.0,14,hybrid,657,0.0,4.550000448944047e-05
n12_q1.0_r14,12,1.0,14,exact,657,0.0,2.4916997062973678e-05
n12_q1.0_r15,12,1.0,15,density,564,0.16196136701337296,1.2917000276502222e-05
n12_q1.0_r15,12,1.0,15,insertion,673,0.0,1.7917001969181e-05
n12_q1.0_r15,12,1.0,15,hybrid,673,0.0,5.07079967064783e-05
n12_q1.0_r15,12,1.0,15,exact,673,0.0,3.066699719056487e-05
n12_q1.0_r16,12,1.0,16,density,715,0.04539385847797063,1.3208999007474631e-05
n12_q1.0_r16,12,1.0,16,insertion,749,0.0,1.8165999790653586e-05
n12_q1.0_r16,12,1.0,16,hybrid,749,0.0,5.054200300946832e-05
n12_q1.0_r16,12,1.0,16,exact,749,0.0,2.316699828952551e-05
n12_q1.0_r17,12,1.0,17,density,600,0.24337957124842372,1.2916003470309079e-05
n12_q1.0_r17,12,1.0,17,insertion,793,0.0,1.7416001355741173e-05
n12_q1.0_r17,12,1.0,17,hybrid,793,0.0,4.7625006118323654e-05
n12_q1.0_r17,12,1.0,17,exact,793,0.0,2.849999873433262e-05
n12_q1.0_r18,12,1.0,18,density,501,0.10215053763440861,1.279199932469055e-05
n12_q1.0_r18,12,1.0,18,insertion,558,0.0,1.7625003238208592e-05
n12_q1.0_r18,12,1.0,18,hybrid,558,0.0,4.929200076730922e-05
n12_q1.0_r18,12,1.0,18,exact,558,0.0,2.5125002139247954e-05
n12_q1.0_r19,12,1.0,19,density,622,0.07025411061285501,1.09999964479357e-05
n12_q1.0_r19,12,1.0,19,insertion,669,0.0,1.575000351294875e-05
n12_q1.0_r19,12,1.0,19,hybrid,669,0.0,4.650000482797623e-05
n12_q1.0_r19,12,1.0,19,exact,669,0.0,1.641699782339856e-05
n12_q1.0_r20,12,1.0,20,density,571,0.12423312883435583,1.2416996469255537e-05
n12_q1.0_r20,12,1.0,20,insertion,652,0.0,1.8416998500470072e-05
n12_q1.0_r20,12,1.0,20,hybrid,652,0.0,4.7041998186614364e-05
n12_q1.0_r20,12,1.0,20,exact,652,0.0,2.0332998246885836e-05
n12_q1.0_r21,12,1.0,21,density,596,0.13497822931785197,1.158300437964499e-05
n12_q1.0_r21,12,1.0,21,insertion,689,0.0,1.6375000996049494e-05
n12_q1.0_r21,12,1.0,21,hybrid,689,0.0,4.762499884236604e-05
n12_q1.0_r21,12,1.0,21,exact,689,0.0,3.024999750778079e-05
n12_q1.0_r22,12,1.0,22,density,519,0.06822262118491922,1.2958997103851289e-05
n12_q1.0_r22,12,1.0,22,insertion,557,0.0,2.2374995751306415e-05
n12_q1.0_r22,12,1.0,22,hybrid,557,0.0,6.24169988441281e-05
n12_q1.0_r22,12,1.0,22,exact,557,0.0,2.5082998035941273e-05
n12_q1.0_r23,12,1.0,23,density,513,0.23318385650224216,1.2583004718180746e-05
n12_q1.0_r23,12,1.0,23,insertion,669,0.0,1.6874997527338564e-05
n12_q1.0_r23,12,1.0,23,hybrid,669,0.0,5.5500000598840415e-05
n12_q1.0_r23,12,1.0,23,exact,669,0.0,2.145900361938402e-05
n12_q1.0_r24,12,1.0,24,density,549,0.13814756671899528,1.2500000593718141e-05
n12_q1.0_r24,12,1.0,24,insertion,637,0.0,1.7416001355741173e-05
n12_q1.0_r24,12,1.0,24,hybrid,637,0.0,4.841599729843438e-05
n12_q1.0_r24,12,1.0,24,exact,637,0.0,2.2499996703118086e-05
n12_q1.0_r25,12,1.0,25,density,623,0.13231197771587744,1.2583004718180746e-05
n12_q1.0_r25,12,1.0,25,insertion,718,0.0,1.7291000403929502e-05
n12_q1.0_r25,12,1.0,25,hybrid,718,0.0,4.975000047124922e-05
n12_q1.0_r25,12,1.0,25,exact,718,0.0,2.7709000278264284e-05
n12_q1.0_r26,12,1.0,26,density,502,0.07037037037037037,1.2416996469255537e-05
n12_q1.0_r26,12,1.0,26,insertion,540,0.0,1.7124999430961907e-05
n12_q1.0_r26,12,1.0,26,hybrid,540,0.0,4.783400072483346e-05
n12_q1.0_r26,12,1.0,26,exact,540,0.0,2.1166997612453997e-05
n12_q1.0_r27,12,1.0,27,density,300,0.23469387755102042,1.2249998690094799e-05
n12_q1.0_r27,12,1.0,27,insertion,392,0.0,1.6457997844554484e-05
n12_q1.0_r27,12,1.0,27,hybrid,392,0.0,4.3125000956933945e-05
n12_q1.0_r27,12,1.0,27,exact,392,0.0,1.9582999811973423e-05
n12_q1.0_r28,12,1.0,28,density,527,0.13747954173486088,1.229200279340148e-05
n12_q1.0_r28,12,1.0,28,insertion,611,0.0,1.7166996258310974e-05
n12_q1.0_r28,12,1.0,28,hybrid,611,0.0,4.8207999498117715e-05
n12_q1.0_r28,12,1.0,28,exact,611,0.0,2.5916997401509434e-05
n12_q1.0_r29,12,1.0,29,density,398,0.2419047619047619,1.270900247618556e-05
n12_q1.0_r29,12,1.0,29,insertion,525,0.0,1.737500133458525e-05
n12_q1.0_r29,12,1.0,29,hybrid,525,0.0,5.1750001148320735e-05
n12_q1.0_r29,12,1.0,29,exact,525,0.0,2.2166997950989753e-05
n12_q1.0_r30,12,1.0,30,density,574,0.11556240369799692,1.2249998690094799e-05
n12_q1.0_r30,12,1.0,30,insertion,649,0.0,1.7499995010439306e-05
n12_q1.0_r30,12,1.0,30,hybrid,649,0.0,4.8082998546306044e-05
n12_q1.0_r30,12,1.0,30,exact,649,0.0,2.9542003176175058e-05
n12_q1.0_r31,12,1.0,31,density,532,0.07478260869565218,1.2124997738283128e-05
n12_q1.0_r31,12,1.0,31,insertion,575,0.0,1.6917001630645245e-05
n12_q1.0_r31,12,1.0,31,hybrid,575,0.0,4.74580010632053e-05
n12_q1.0_r31,12,1.0,31,exact,575,0.0,2.091700298478827e-05
n12_q1.0_r32,12,1.0,32,density,488,0.12701252236135957,1.245799649041146e-05
n12_q1.0_r32,12,1.0,32,insertion,559,0.0,1.733299723127857e-05
n12_q1.0_r32,12,1.0,32,hybrid,559,0.0,4.74580010632053e-05
n12_q1.0_r32,12,1.0,32,exact,559,0.0,2.8166003176011145e-05
n12_q1.0_r33,12,1.0,33,density,595,0.1389290882778582,1.208300091093406e-05
n12_q1.0_r33,12,1.0,33,insertion,691,0.0,1.7083999409805983e-05
n12_q1.0_r33,12,1.0,33,hybrid,691,0.0,4.837499727727845e-05
n12_q1.0_r33,12,1.0,33,exact,691,0.0,2.445800055284053e-05
n12_q1.0_r34,12,1.0,34,density,558,0.13488372093023257,1.2167001841589808e-05
n12_q1.0_r34,12,1.0,34,insertion,635,0.015503875968992248,1.6790996596682817e-05
n12_q1.0_r34,12,1.0,34,hybrid,635,0.015503875968992248,4.7166999138426036e-05
n12_q1.0_r34,12,1.0,34,exact,645,0.0,2.091599890263751e-05
n12_q1.0_r35,12,1.0,35,density,449,0.081799591002045,1.170899486169219e-05
n12_q1.0_r35,12,1.0,35,insertion,489,0.0,1.6250000044237822e-05
n12_q1.0_r35,12,1.0,35,hybrid,489,0.0,4.566700226860121e-05
n12_q1.0_r35,12,1.0,35,exact,489,0.0,2.029100141953677e-05
n12_q1.0_r36,12,1.0,36,density,468,0.0912621359223301,1.2042000889778137e-05
n12_q1.0_r36,12,1.0,36,insertion,515,0.0,1.920799695653841e-05
n12_q1.0_r36,12,1.0,36,hybrid,515,0.0,6.916600250406191e-05
n12_q1.0_r36,12,1.0,36,exact,515,0.0,3.379199915798381e-05
n12_q1.0_r37,12,1.0,37,density,570,0.11214953271028037,1.4749995898455381e-05
n12_q1.0_r37,12,1.0,37,insertion,642,0.0,1.95419997908175e-05
n12_q1.0_r37,12,1.0,37,hybrid,642,0.0,4.87080033053644e-05
n12_q1.0_r37,12,1.0,37,exact,642,0.0,2.183399919886142e-05
n12_q1.0_r38,12,1.0,38,density,545,0.14576802507836992,1.3292003131937236e-05
n12_q1.0_r38,12,1.0,38,insertion,638,0.0,1.8167003872804344e-05
n12_q1.0_r38,12,1.0,38,hybrid,638,0.0,5.120800051372498e-05
n12_q1.0_r38,12,1.0,38,exact,638,0.0,3.512500552460551e-05
n12_q1.0_r39,12,1.0,39,density,430,0.09090909090909091,1.4750003174412996e-05
n12_q1.0_r39,12,1.0,39,insertion,473,0.0,1.7959006072487682e-05
n12_q1.0_r39,12,1.0,39,hybrid,473,0.0,4.795799759449437e-05
n12_q1.0_r39,12,1.0,39,exact,473,0.0,3.312499757157639e-05
n30_q0.25_r0,30,0.25,0,density,613,0.09587020648967552,3.670899604912847e-05
n30_q0.25_r0,30,0.25,0,insertion,676,0.0029498525073746312,5.233300180407241e-05
n30_q0.25_r0,30,0.25,0,hybrid,676,0.0029498525073746312,0.00010754200047813356
n30_q0.25_r0,30,0.25,0,exact,678,0.0,4.2458996176719666e-05
n30_q0.25_r1,30,0.25,1,density,869,0.13875123885034688,3.695800114655867e-05
n30_q0.25_r1,30,0.25,1,insertion,1005,0.003964321110009911,5.558400152949616e-05
n30_q0.25_r1,30,0.25,1,hybrid,1005,0.003964321110009911,0.0001170839968835935
n30_q0.25_r1,30,0.25,1,exact,1009,0.0,4.28749990533106e-05
n30_q0.25_r2,30,0.25,2,density,973,0.033763654419066536,3.804199513979256e-05
n30_q0.25_r2,30,0.25,2,insertion,994,0.012909632571996028,5.658400186803192e-05
n30_q0.25_r2,30,0.25,2,hybrid,994,0.012909632571996028,0.00012079099542461336
n30_q0.25_r2,30,0.25,2,exact,1007,0.0,3.912499960279092e-05
n30_q0.25_r3,30,0.25,3,density,630,0.018691588785046728,3.825000021606684e-05
n30_q0.25_r3,30,0.25,3,insertion,629,0.020249221183800622,5.391600279835984e-05
n30_q0.25_r3,30,0.25,3,hybrid,630,0.018691588785046728,0.00011479100066935644
n30_q0.25_r3,30,0.25,3,exact,642,0.0,3.9500002458225936e-05
n30_q0.25_r4,30,0.25,4,density,743,0.10589651022864019,3.7834004615433514e-05
n30_q0.25_r4,30,0.25,4,insertion,831,0.0,5.7207995268981904e-05
n30_q0.25_r4,30,0.25,4,hybrid,831,0.0,0.00011954199726460502
n30_q0.25_r4,30,0.25,4,exact,831,0.0,4.6959001338109374e-05
n30_q0.25_r5,30,0.25,5,density,678,0.12403100775193798,3.629199636634439e-05
n30_q0.25_r5,30,0.25,5,insertion,774,0.0,5.704200157197192e-05
n30_q0.25_r5,30,0.25,5,hybrid,774,0.0,0.00010924999514827505
n30_q0.25_r5,30,0.25,5,exact,774,0.0,3.7834004615433514e-05
n30_q0.25_r6,30,0.25,6,density,757,0.12988505747126436,3.691700112540275e-05
n30_q0.25_r6,30,0.25,6,insertion,870,0.0,5.2666997362393886e-05
n30_q0.25_r6,30,0.25,6,hybrid,870,0.0,0.00011045899736927822
n30_q0.25_r6,30,0.25,6,exact,870,0.0,3.7834004615433514e-05
n30_q0.25_r7,30,0.25,7,density,657,0.09504132231404959,4.045900277560577e-05
n30_q0.25_r7,30,0.25,7,insertion,681,0.06198347107438017,5.208299990044907e-05
n30_q0.25_r7,30,0.25,7,hybrid,681,0.06198347107438017,0.00010691700299503282
n30_q0.25_r7,30,0.25,7,exact,726,0.0,3.9165999623946846e-05
n30_q0.25_r8,30,0.25,8,density,823,0.10930735930735931,3.6375000490807e-05
n30_q0.25_r8,30,0.25,8,insertion,924,0.0,5.2833995141554624e-05
n30_q0.25_r8,30,0.25,8,hybrid,924,0.0,0.00010904100054176524
n30_q0.25_r8,30,0.25,8,exact,924,0.0,3.4374999813735485e-05
n30_q0.25_r9,30,0.25,9,density,898,0.02813852813852814,4.025000089313835e-05
n30_q0.25_r9,30,0.25,9,insertion,917,0.007575757575757576,7.9166995419655e-05
n30_q0.25_r9,30,0.25,9,hybrid,917,0.007575757575757576,0.00011670799722196534
n30_q0.25_r9,30,0.25,9,exact,924,0.0,4.62079988210462e-05
n30_q0.25_r10,30,0.25,10,density,657,0.11574697173620457,4.095799522474408e-05
n30_q0.25_r10,30,0.25,10,insertion,735,0.010767160161507403,5.237500590737909e-05
n30_q0.25_r10,30,0.25,10,hybrid,735,0.010767160161507403,0.00010733299859566614
n30_q0.25_r10,30,0.25,10,exact,743,0.0,4.1541999962646514e-05
n30_q0.25_r11,30,0.25,11,density,683,0.11298701298701298,3.8459002098534256e-05
n30_q0.25_r11,30,0.25,11,insertion,767,0.003896103896103896,5.470799806062132e-05
n30_q0.25_r11,30,0.25,11,hybrid,767,0.003896103896103896,0.00011370799620635808
n30_q0.25_r11,30,0.25,11,exact,770,0.0,3.816699609160423e-05
n30_q0.25_r12,30,0.25,12,density,849,0.08512931034482758,3.7500001781154424e-05
n30_q0.25_r12,30,0.25,12,insertion,928,0.0,5.308300023898482e-05
n30_q0.25_r12,30,0.25,12,hybrid,928,0.0,0.00011262499901931733
n30_q0.25_r12,30,0.25,12,exact,928,0.0,4.25000034738332e-05
n30_q0.25_r13,30,0.25,13,density,680,0.06464924346629987,3.566699888324365e-05
n30_q0.25_r13,30,0.25,13,insertion,715,0.016506189821182942,5.24159986525774e-05
n30_q0.25_r13,30,0.25,13,hybrid,715,0.016506189821182942,0.000106791005237028
n30_q0.25_r13,30,0.25,13,exact,727,0.0,3.862500307150185e-05
n30_q0.25_r14,30,0.25,14,density,769,0.14078212290502792,3.749999450519681e-05
n30_q0.25_r14,30,0.25,14,insertion,882,0.01452513966480447,5.491599586093798e-05
n30_q0.25_r14,30,0.25,14,hybrid,882,0.01452513966480447,0.00011458399967523292
n30_q0.25_r14,30,0.25,14,exact,895,0.0,3.2582996936980635e-05
n30_q0.25_r15,30,0.25,15,density,637,0.11772853185595568,3.7208003050182015e-05
n30_q0.25_r15,30,0.25,15,insertion,717,0.006925207756232687,5.5374999647028744e-05
n30_q0.25_r15,30,0.25,15,hybrid,717,0.006925207756232687,0.00011441700189607218
n30_q0.25_r15,30,0.25,15,exact,722,0.0,3.7790996429976076e-05
n30_q0.25_r16,30,0.25,16,density,700,0.07894736842105263,3.6541998269967735e-05
n30_q0.25_r16,30,0.25,16,insertion,760,0.0,5.3625000873580575e-05
n30_q0.25_r16,30,0.25,16,hybrid,760,0.0,0.0001106670024455525
n30_q0.25_r16,30,0.25,16,exact,760,0.0,4.050000279676169e-05
n30_q0.25_r17,30,0.25,17,density,717,0.0901015228426396,3.554199793143198e-05
n30_q0.25_r17,30,0.25,17,insertion,754,0.04314720812182741,5.804099782835692e-05
n30_q0.25_r17,30,0.25,17,hybrid,754,0.04314720812182741,0.00012095800047973171
n30_q0.25_r17,30,0.25,17,exact,788,0.0,3.275000199209899e-05
n30_q0.25_r18,30,0.25,18,density,554,0.1490015360983103,3.704200207721442e-05
n30_q0.25_r18,30,0.25,18,insertion,634,0.026113671274961597,5.162500019650906e-05
n30_q0.25_r18,30,0.25,18,hybrid,634,0.026113671274961597,0.0001188750029541552
n30_q0.25_r18,30,0.25,18,exact,651,0.0,3.80830024369061e-05
n30_q0.25_r19,30,0.25,19,density,683,0.11984536082474227,3.6749996070284396e-05
n30_q0.25_r19,30,0.25,19,insertion,768,0.010309278350515464,5.1750001148320735e-05
n30_q0.25_r19,30,0.25,19,hybrid,768,0.010309278350515464,0.00011504100257297978
n30_q0.25_r19,30,0.25,19,exact,776,0.0,2.8416994609870017e-05
n30_q0.25_r20,30,0.25,20,density,883,0.0675818373812038,3.524999920045957e-05
n30_q0.25_r20,30,0.25,20,insertion,947,0.0,5.2791001508012414e-05
n30_q0.25_r20,30,0.25,20,hybrid,947,0.0,0.00012224999954923987
n30_q0.25_r20,30,0.25,20,exact,947,0.0,4.020799678983167e-05
n30_q0.25_r21,30,0.25,21,density,857,0.09408033826638477,3.8124999264255166e-05
n30_q0.25_r21,30,0.25,21,insertion,946,0.0,5.2791001508012414e-05
n30_q0.25_r21,30,0.25,21,hybrid,946,0.0,0.00010924999514827505
n30_q0.25_r21,30,0.25,21,exact,946,0.0,4.004199581686407e-05
n30_q0.25_r22,30,0.25,22,density,709,0.15494636471990464,4.049999552080408e-05
n30_q0.25_r22,30,0.25,22,insertion,839,0.0,5.291699926601723e-05
n30_q0.25_r22,30,0.25,22,hybrid,839,0.0,0.0001092080055968836
n30_q0.25_r22,30,0.25,22,exact,839,0.0,3.866699989885092e-05
n30_q0.25_r23,30,0.25,23,density,774,0.1466372657111356,3.637499321484938e-05
n30_q0.25_r23,30,0.25,23,insertion,867,0.044101433296582136,5.2124996727798134e-05
n30_q0.25_r23,30,0.25,23,hybrid,867,0.044101433296582136,0.00010983299580402672
n30_q0.25_r23,30,0.25,23,exact,907,0.0,3.650000144261867e-05
n30_q0.25_r24,30,0.25,24,density,772,0.0885478158205431,3.6584002373274416e-05
n30_q0.25_r24,30,0.25,24,insertion,847,0.0,5.51249977434054e-05
n30_q0.25_r24,30,0.25,24,hybrid,847,0.0,0.00011566700413823128
n30_q0.25_r24,30,0.25,24,exact,847,0.0,3.420800203457475e-05
n30_q0.25_r25,30,0.25,25,density,558,0.015873015873015872,3.84579980163835e-05
n30_q0.25_r25,30,0.25,25,insertion,533,0.059964726631393295,6.658300117123872e-05
n30_q0.25_r25,30,0.25,25,hybrid,558,0.015873015873015872,0.0001257089970749803
n30_q0.25_r25,30,0.25,25,exact,567,0.0,4.195799556327984e-05
n30_q0.25_r26,30,0.25,26,density,783,0.10514285714285715,6.174999725772068e-05
n30_q0.25_r26,30,0.25,26,insertion,873,0.002285714285714286,0.00011129199992865324
n30_q0.25_r26,30,0.25,26,hybrid,873,0.002285714285714286,0.00015908299974398687
n30_q0.25_r26,30,0.25,26,exact,875,0.0,4.658300167648122e-05
n30_q0.25_r27,30,0.25,27,density,728,0.070242656449553,4.333300603320822e-05
n30_q0.25_r27,30,0.25,27,insertion,746,0.04725415070242656,5.7749995903577656e-05
n30_q0.25_r27,30,0.25,27,hybrid,746,0.04725415070242656,0.00011645899940049276
n30_q0.25_r27,30,0.25,27,exact,783,0.0,4.437499592313543e-05
n30_q0.25_r28,30,0.25,28,density,700,0.11054637865311309,3.9500002458225936e-05
n30_q0.25_r28,30,0.25,28,insertion,787,0.0,5.450000026030466e-05
n30_q0.25_r28,30,0.25,28,hybrid,787,0.0,0.00011262500629527494
n30_q0.25_r28,30,0.25,28,exact,787,0.0,3.1541996577288955e-05
n30_q0.25_r29,30,0.25,29,density,849,0.115625,3.8042002415750176e-05
n30_q0.25_r29,30,0.25,29,insertion,936,0.025,5.604200123343617e-05
n30_q0.25_r29,30,0.25,29,hybrid,936,0.025,0.00012166700616944581
n30_q0.25_r29,30,0.25,29,exact,960,0.0,3.4874996345024556e-05
n30_q0.25_r30,30,0.25,30,density,820,0.1700404858299595,4.837499727727845e-05
n30_q0.25_r30,30,0.25,30,insertion,981,0.00708502024291498,5.587500345427543e-05
n30_q0.25_r30,30,0.25,30,hybrid,981,0.00708502024291498,0.00011600000289035961
n30_q0.25_r30,30,0.25,30,exact,988,0.0,3.975000436184928e-05
n30_q0.25_r31,30,0.25,31,density,838,0.11228813559322035,3.7333004001993686e-05
n30_q0.25_r31,30,0.25,31,insertion,918,0.02754237288135593,5.495899677043781e-05
n30_q0.25_r31,30,0.25,31,hybrid,918,0.02754237288135593,0.00011454099876573309
n30_q0.25_r31,30,0.25,31,exact,944,0.0,3.7041994801256806e-05
n30_q0.25_r32,30,0.25,32,density,709,0.15089820359281436,3.650000144261867e-05
n30_q0.25_r32,30,0.25,32,insertion,789,0.055089820359281436,5.408300057752058e-05
n30_q0.25_r32,30,0.25,32,hybrid,789,0.055089820359281436,0.00010741699952632189
n30_q0.25_r32,30,0.25,32,exact,835,0.0,4.170800093561411e-05
n30_q0.25_r33,30,0.25,33,density,592,0.13069016152716592,3.7790996429976076e-05
n30_q0.25_r33,30,0.25,33,insertion,665,0.023494860499265784,5.36660008947365e-05
n30_q0.25_r33,30,0.25,33,hybrid,665,0.023494860499265784,0.00010949999705189839
n30_q0.25_r33,30,0.25,33,exact,681,0.0,4.2625004425644875e-05
n30_q0.25_r34,30,0.25,34,density,676,0.0584958217270195,3.795800148509443e-05
n30_q0.25_r34,30,0.25,34,insertion,718,0.0,5.283299833536148e-05
n30_q0.25_r34,30,0.25,34,hybrid,718,0.0,0.00010937500337604433
n30_q0.25_r34,30,0.25,34,exact,718,0.0,3.866699989885092e-05
n30_q0.25_r35,30,0.25,35,density,569,0.10954616588419405,3.524999920045957e-05
n30_q0.25_r35,30,0.25,35,insertion,638,0.001564945226917058,5.199999577598646e-05
n30_q0.25_r35,30,0.25,35,hybrid,638,0.001564945226917058,0.00012479099677875638
n30_q0.25_r35,30,0.25,35,exact,639,0.0,3.829200431937352e-05
n30_q0.25_r36,30,0.25,36,density,641,0.019877675840978593,4.441700002644211e-05
n30_q0.25_r36,30,0.25,36,insertion,651,0.0045871559633027525,5.775000317953527e-05
n30_q0.25_r36,30,0.25,36,hybrid,651,0.0045871559633027525,0.00011829099821625277
n30_q0.25_r36,30,0.25,36,exact,654,0.0,3.708299482241273e-05
n30_q0.25_r37,30,0.25,37,density,715,0.04155495978552279,5.824999971082434e-05
n30_q0.25_r37,30,0.25,37,insertion,719,0.036193029490616625,5.38749955012463e-05
n30_q0.25_r37,30,0.25,37,hybrid,719,0.036193029490616625,0.00011191699741175398
n30_q0.25_r37,30,0.25,37,exact,746,0.0,3.837500116787851e-05
n30_q0.25_r38,30,0.25,38,density,644,0.05571847507331378,3.6791003367397934e-05
n30_q0.25_r38,30,0.25,38,insertion,671,0.016129032258064516,5.387500277720392e-05
n30_q0.25_r38,30,0.25,38,hybrid,671,0.016129032258064516,0.00011312500282656401
n30_q0.25_r38,30,0.25,38,exact,682,0.0,3.858299896819517e-05
n30_q0.25_r39,30,0.25,39,density,774,0.0,3.604099765652791e-05
n30_q0.25_r39,30,0.25,39,insertion,770,0.00516795865633075,5.4750002163928e-05
n30_q0.25_r39,30,0.25,39,hybrid,774,0.0,0.00011012500181095675
n30_q0.25_r39,30,0.25,39,exact,774,0.0,3.791600465774536e-05
n30_q0.5_r0,30,0.5,0,density,1040,0.11639762107051826,3.779200051212683e-05
n30_q0.5_r0,30,0.5,0,insertion,1139,0.03228547153780799,5.970900383545086e-05
n30_q0.5_r0,30,0.5,0,hybrid,1139,0.03228547153780799,0.00012683300155913457
n30_q0.5_r0,30,0.5,0,exact,1177,0.0,8.387499838136137e-05
n30_q0.5_r1,30,0.5,1,density,1144,0.12404287901990811,3.716700302902609e-05
n30_q0.5_r1,30,0.5,1,insertion,1298,0.006125574272588055,5.7792000006884336e-05
n30_q0.5_r1,30,0.5,1,hybrid,1298,0.006125574272588055,0.00012395800149533898
n30_q0.5_r1,30,0.5,1,exact,1306,0.0,6.849999772384763e-05
n30_q0.5_r2,30,0.5,2,density,1073,0.06695652173913043,3.625000681495294e-05
n30_q0.5_r2,30,0.5,2,insertion,1145,0.004347826086956522,5.887499719392508e-05
n30_q0.5_r2,30,0.5,2,hybrid,1145,0.004347826086956522,0.00012195800081826746
n30_q0.5_r2,30,0.5,2,exact,1150,0.0,5.354099994292483e-05
n30_q0.5_r3,30,0.5,3,density,1120,0.09967845659163987,3.6124998587183654e-05
n30_q0.5_r3,30,0.5,3,insertion,1234,0.008038585209003215,5.620800220640376e-05
n30_q0.5_r3,30,0.5,3,hybrid,1234,0.008038585209003215,0.0001232919967151247
n30_q0.5_r3,30,0.5,3,exact,1244,0.0,7.429199467878789e-05
n30_q0.5_r4,30,0.5,4,density,1072,0.08920985556499575,3.895899862982333e-05
n30_q0.5_r4,30,0.5,4,insertion,1163,0.0118946474086661,5.866600258741528e-05
n30_q0.5_r4,30,0.5,4,hybrid,1163,0.0118946474086661,0.00012749999586958438
n30_q0.5_r4,30,0.5,4,exact,1177,0.0,6.895799742778763e-05
n30_q0.5_r5,30,0.5,5,density,931,0.1274601686972821,4.34159956057556e-05
n30_q0.5_r5,30,0.5,5,insertion,1041,0.02436738519212746,5.6958000641316175e-05
n30_q0.5_r5,30,0.5,5,hybrid,1041,0.02436738519212746,0.0001294169996981509
n30_q0.5_r5,30,0.5,5,exact,1067,0.0,7.233400538098067e-05
n30_q0.5_r6,30,0.5,6,density,995,0.12411971830985916,3.7874997360631824e-05
n30_q0.5_r6,30,0.5,6,insertion,1136,0.0,5.7666999055072665e-05
n30_q0.5_r6,30,0.5,6,hybrid,1136,0.0,0.00012437499390216544
n30_q0.5_r6,30,0.5,6,exact,1136,0.0,7.854200521251187e-05
n30_q0.5_r7,30,0.5,7,density,1118,0.0910569105691057,3.895799454767257e-05
n30_q0.5_r7,30,0.5,7,insertion,1230,0.0,5.808299465570599e-05
n30_q0.5_r7,30,0.5,7,hybrid,1230,0.0,0.0001265419996343553
n30_q0.5_r7,30,0.5,7,exact,1230,0.0,6.974999996600673e-05
n30_q0.5_r8,30,0.5,8,density,1078,0.14580031695721077,3.7750003684777766e-05
n30_q0.5_r8,30,0.5,8,insertion,1255,0.005546751188589541,5.554100061999634e-05
n30_q0.5_r8,30,0.5,8,hybrid,1255,0.005546751188589541,0.00012016700202366337
n30_q0.5_r8,30,0.5,8,exact,1262,0.0,6.475000554928556e-05
n30_q0.5_r9,30,0.5,9,density,1002,0.0626753975678204,3.599999763537198e-05
n30_q0.5_r9,30,0.5,9,insertion,1069,0.0,5.5500000598840415e-05
n30_q0.5_r9,30,0.5,9,hybrid,1069,0.0,0.00014529100008076057
n30_q0.5_r9,30,0.5,9,exact,1069,0.0,8.304199582198635e-05
n30_q0.5_r10,30,0.5,10,density,1309,0.07556497175141243,4.383300256449729e-05
n30_q0.5_r10,30,0.5,10,insertion,1416,0.0,6.129199755378067e-05
n30_q0.5_r10,30,0.5,10,hybrid,1416,0.0,0.0001469169947085902
n30_q0.5_r10,30,0.5,10,exact,1416,0.0,7.979200017871335e-05
n30_q0.5_r11,30,0.5,11,density,1133,0.058187863674147966,4.320800508139655e-05
n30_q0.5_r11,30,0.5,11,insertion,1193,0.00831255195344971,6.299999949987978e-05
n30_q0.5_r11,30,0.5,11,hybrid,1193,0.00831255195344971,0.00013712499639950693
n30_q0.5_r11,30,0.5,11,exact,1203,0.0,7.295900286408141e-05
n30_q0.5_r12,30,0.5,12,density,909,0.16375344986200552,3.9999998989515007e-05
n30_q0.5_r12,30,0.5,12,insertion,1077,0.00919963201471941,6.0874997870996594e-05
n30_q0.5_r12,30,0.5,12,hybrid,1077,0.00919963201471941,0.00013583400141214952
n30_q0.5_r12,30,0.5,12,exact,1087,0.0,7.187500159488991e-05
n30_q0.5_r13,30,0.5,13,density,943,0.12033582089552239,4.2833002225961536e-05
n30_q0.5_r13,30,0.5,13,insertion,1051,0.01958955223880597,7.162499969126657e-05
n30_q0.5_r13,30,0.5,13,hybrid,1051,0.01958955223880597,0.00013208400196162984
n30_q0.5_r13,30,0.5,13,exact,1072,0.0,7.770799857098609e-05
n30_q0.5_r14,30,0.5,14,density,1044,0.19069767441860466,5.516699457075447e-05
n30_q0.5_r14,30,0.5,14,insertion,1285,0.003875968992248062,6.074999691918492e-05
n30_q0.5_r14,30,0.5,14,hybrid,1285,0.003875968992248062,0.00015899999561952427
n30_q0.5_r14,30,0.5,14,exact,1290,0.0,9.145900548901409e-05
n30_q0.5_r15,30,0.5,15,density,895,0.16511194029850745,4.774999979417771e-05
n30_q0.5_r15,30,0.5,15,insertion,1053,0.017723880597014924,6.0083002608735114e-05
n30_q0.5_r15,30,0.5,15,hybrid,1053,0.017723880597014924,0.0001306669946643524
n30_q0.5_r15,30,0.5,15,exact,1072,0.0,6.57499986118637e-05
n30_q0.5_r16,30,0.5,16,density,1234,0.0818452380952381,3.795800148509443e-05
n30_q0.5_r16,30,0.5,16,insertion,1341,0.002232142857142857,5.833299655932933e-05
n30_q0.5_r16,30,0.5,16,hybrid,1341,0.002232142857142857,0.00012745799904223531
n30_q0.5_r16,30,0.5,16,exact,1344,0.0,8.362499647773802e-05
n30_q0.5_r17,30,0.5,17,density,962,0.1875,3.833299706457183e-05
n30_q0.5_r17,30,0.5,17,insertion,1173,0.009290540540540541,5.987499753246084e-05
n30_q0.5_r17,30,0.5,17,hybrid,1173,0.009290540540540541,0.00013670800399268046
n30_q0.5_r17,30,0.5,17,exact,1184,0.0,0.00012266699923202395
n30_q0.5_r18,30,0.5,18,density,804,0.15368421052631578,3.8291997043415904e-05
n30_q0.5_r18,30,0.5,18,insertion,949,0.0010526315789473684,5.741700442740694e-05
n30_q0.5_r18,30,0.5,18,hybrid,949,0.0010526315789473684,0.0001238329932675697
n30_q0.5_r18,30,0.5,18,exact,950,0.0,7.370799721684307e-05
n30_q0.5_r19,30,0.5,19,density,1083,0.058260869565217394,3.825000021606684e-05
n30_q0.5_r19,30,0.5,19,insertion,1150,0.0,5.729199619963765e-05
n30_q0.5_r19,30,0.5,19,hybrid,1150,0.0,0.00012370799959171563
n30_q0.5_r19,30,0.5,19,exact,1150,0.0,8.954200166044757e-05
n30_q0.5_r20,30,0.5,20,density,1056,0.06960352422907488,3.916699643013999e-05
n30_q0.5_r20,30,0.5,20,insertion,1120,0.013215859030837005,5.795800097985193e-05
n30_q0.5_r20,30,0.5,20,hybrid,1120,0.013215859030837005,0.0001286249971599318
n30_q0.5_r20,30,0.5,20,exact,1135,0.0,8.091700146906078e-05
n30_q0.5_r21,30,0.5,21,density,1117,0.12460815047021943,3.837500116787851e-05
n30_q0.5_r21,30,0.5,21,insertion,1276,0.0,5.770799907622859e-05
n30_q0.5_r21,30,0.5,21,hybrid,1276,0.0,0.0001282500015804544
n30_q0.5_r21,30,0.5,21,exact,1276,0.0,7.437499880325049e-05
n30_q0.5_r22,30,0.5,22,density,986,0.21746031746031746,3.845800529234111e-05
n30_q0.5_r22,30,0.5,22,insertion,1260,0.0,5.829199653817341e-05
n30_q0.5_r22,30,0.5,22,hybrid,1260,0.0,0.00012641699868254364
n30_q0.5_r22,30,0.5,22,exact,1260,0.0,7.474999438272789e-05
n30_q0.5_r23,30,0.5,23,density,1109,0.07429048414023372,3.741599357454106e-05
n30_q0.5_r23,30,0.5,23,insertion,1195,0.0025041736227045075,5.7916004152502865e-05
n30_q0.5_r23,30,0.5,23,hybrid,1195,0.0025041736227045075,0.00012974999845027924
n30_q0.5_r23,30,0.5,23,exact,1198,0.0,8.454199996776879e-05
n30_q0.5_r24,30,0.5,24,density,1152,0.07395498392282958,4.004200309282169e-05
n30_q0.5_r24,30,0.5,24,insertion,1237,0.005627009646302251,5.8625002566259354e-05
n30_q0.5_r24,30,0.5,24,hybrid,1237,0.005627009646302251,0.00012754199997289106
n30_q0.5_r24,30,0.5,24,exact,1244,0.0,9.52500049606897e-05
n30_q0.5_r25,30,0.5,25,density,1086,0.17099236641221374,4.3207997805438936e-05
n30_q0.5_r25,30,0.5,25,insertion,1294,0.012213740458015267,7.954100146889687e-05
n30_q0.5_r25,30,0.5,25,hybrid,1294,0.012213740458015267,0.00013183300325181335
n30_q0.5_r25,30,0.5,25,exact,1310,0.0,7.058300252538174e-05
n30_q0.5_r26,30,0.5,26,density,1095,0.13982717989002358,3.983399801654741e-05
n30_q0.5_r26,30,0.5,26,insertion,1273,0.0,5.950000195298344e-05
n30_q0.5_r26,30,0.5,26,hybrid,1273,0.0,0.0001286670012632385
n30_q0.5_r26,30,0.5,26,exact,1273,0.0,7.083400123519823e-05
n30_q0.5_r27,30,0.5,27,density,1244,0.030397505845674203,3.7333004001993686e-05
n30_q0.5_r27,30,0.5,27,insertion,1280,0.002338269680436477,5.929100007051602e-05
n30_q0.5_r27,30,0.5,27,hybrid,1280,0.002338269680436477,0.00013108300481690094
n30_q0.5_r27,30,0.5,27,exact,1283,0.0,8.116599929053336e-05
n30_q0.5_r28,30,0.5,28,density,999,0.05487228003784295,4.183400596957654e-05
n30_q0.5_r28,30,0.5,28,insertion,1054,0.002838221381267739,5.6458004110027105e-05
n30_q0.5_r28,30,0.5,28,hybrid,1054,0.002838221381267739,0.00012395900557748973
n30_q0.5_r28,30,0.5,28,exact,1057,0.0,7.020800694590434e-05
n30_q0.5_r29,30,0.5,29,density,1031,0.06781193490054249,3.837500116787851e-05
n30_q0.5_r29,30,0.5,29,insertion,1095,0.009945750452079566,5.8707999414764345e-05
n30_q0.5_r29,30,0.5,29,hybrid,1095,0.009945750452079566,0.0001289589999942109
n30_q0.5_r29,30,0.5,29,exact,1106,0.0,7.795899728080258e-05
n30_q0.5_r30,30,0.5,30,density,951,0.17590987868284227,3.937499423045665e-05
n30_q0.5_r30,30,0.5,30,insertion,1154,0.0,6.150000263005495e-05
n30_q0.5_r30,30,0.5,30,hybrid,1154,0.0,0.00015625000378349796
n30_q0.5_r30,30,0.5,30,exact,1154,0.0,8.120799611788243e-05
n30_q0.5_r31,30,0.5,31,density,1105,0.11952191235059761,4.3459003791213036e-05
n30_q0.5_r31,30,0.5,31,insertion,1249,0.004780876494023904,6.433300586650148e-05
n30_q0.5_r31,30,0.5,31,hybrid,1249,0.004780876494023904,0.00018737500067800283
n30_q0.5_r31,30,0.5,31,exact,1255,0.0,0.00011354199523339048
n30_q0.5_r32,30,0.5,32,density,797,0.17580144777662876,4.062500374857336e-05
n30_q0.5_r32,30,0.5,32,insertion,959,0.008273009307135471,5.916599911870435e-05
n30_q0.5_r32,30,0.5,32,hybrid,959,0.008273009307135471,0.0001257499970961362
n30_q0.5_r32,30,0.5,32,exact,967,0.0,7.720800203969702e-05
n30_q0.5_r33,30,0.5,33,density,1048,0.14518760195758565,0.00024354200286325067
n30_q0.5_r33,30,0.5,33,insertion,1212,0.011419249592169658,5.7292003475595266e-05
n30_q0.5_r33,30,0.5,33,hybrid,1212,0.011419249592169658,0.00012620900088222697
n30_q0.5_r33,30,0.5,33,exact,1226,0.0,7.349999941652641e-05
n30_q0.5_r34,30,0.5,34,density,1077,0.06833910034602077,3.9083002775441855e-05
n30_q0.5_r34,30,0.5,34,insertion,1156,0.0,6.075000419514254e-05
n30_q0.5_r34,30,0.5,34,hybrid,1156,0.0,0.00012983300257474184
n30_q0.5_r34,30,0.5,34,exact,1156,0.0,7.575000199722126e-05
n30_q0.5_r35,30,0.5,35,density,1322,0.08002783576896312,3.754199860850349e-05
n30_q0.5_r35,30,0.5,35,insertion,1437,0.0,5.654199776472524e-05
n30_q0.5_r35,30,0.5,35,hybrid,1437,0.0,0.00012654100282816216
n30_q0.5_r35,30,0.5,35,exact,1437,0.0,9.420800051884726e-05
n30_q0.5_r36,30,0.5,36,density,1082,0.13990461049284578,3.7999998312443495e-05
n30_q0.5_r36,30,0.5,36,insertion,1238,0.01589825119236884,5.6458004110027105e-05
n30_q0.5_r36,30,0.5,36,hybrid,1238,0.01589825119236884,0.00012145799701102078
n30_q0.5_r36,30,0.5,36,exact,1258,0.0,7.541700324509293e-05
n30_q0.5_r37,30,0.5,37,density,1104,0.1761194029850746,3.691599704325199e-05
n30_q0.5_r37,30,0.5,37,insertion,1334,0.004477611940298508,5.7749995903577656e-05
n30_q0.5_r37,30,0.5,37,hybrid,1334,0.004477611940298508,0.00013312500232132152
n30_q0.5_r37,30,0.5,37,exact,1340,0.0,8.387499838136137e-05
n30_q0.5_r38,30,0.5,38,density,879,0.06489361702127659,4.0833001548890024e-05
n30_q0.5_r38,30,0.5,38,insertion,932,0.00851063829787234,5.5917000281624496e-05
n30_q0.5_r38,30,0.5,38,hybrid,932,0.00851063829787234,0.0001360829992336221
n30_q0.5_r38,30,0.5,38,exact,940,0.0,7.120800000848249e-05
n30_q0.5_r39,30,0.5,39,density,1081,0.11247947454844007,3.791599738178775e-05
n30_q0.5_r39,30,0.5,39,insertion,1212,0.0049261083743842365,5.820899968966842e-05
n30_q0.5_r39,30,0.5,39,hybrid,1212,0.0049261083743842365,0.00013404200581135228
n30_q0.5_r39,30,0.5,39,exact,1218,0.0,8.783299563219771e-05
n30_q0.75_r0,30,0.75,0,density,1265,0.10852713178294573,4.220900154905394e-05
n30_q0.75_r0,30,0.75,0,insertion,1398,0.014799154334038054,6.474999827332795e-05
n30_q0.75_r0,30,0.75,0,hybrid,1398,0.014799154334038054,0.00013254200166556984
n30_q0.75_r0,30,0.75,0,exact,1419,0.0,0.00011170799552928656
n30_q0.75_r1,30,0.75,1,density,1269,0.15456362425049966,3.712499892571941e-05
n30_q0.75_r1,30,0.75,1,insertion,1501,0.0,6.0083002608735114e-05
n30_q0.75_r1,30,0.75,1,hybrid,1501,0.0,0.00013158300134819
n30_q0.75_r1,30,0.75,1,exact,1501,0.0,0.00012362500274321064
n30_q0.75_r2,30,0.75,2,density,1306,0.11095983662355344,3.8124999264255166e-05
n30_q0.75_r2,30,0.75,2,insertion,1469,0.0,6.0041995311621577e-05
n30_q0.75_r2,30,0.75,2,hybrid,1469,0.0,0.00013537500490201637
n30_q0.75_r2,30,0.75,2,exact,1469,0.0,0.00012358299863990396
n30_q0.75_r3,30,0.75,3,density,1243,0.16856187290969898,3.7582998629659414e-05
n30_q0.75_r3,30,0.75,3,insertion,1495,0.0,5.904099816689268e-05
n30_q0.75_r3,30,0.75,3,hybrid,1495,0.0,0.00013283400039654225
n30_q0.75_r3,30,0.75,3,exact,1495,0.0,0.00012024999887216836
n30_q0.75_r4,30,0.75,4,density,1135,0.13093415007656967,3.870799992000684e-05
n30_q0.75_r4,30,0.75,4,insertion,1306,0.0,5.94589946558699e-05
n30_q0.75_r4,30,0.75,4,hybrid,1306,0.0,0.0001443330038455315
n30_q0.75_r4,30,0.75,4,exact,1306,0.0,0.00010266699973726645
n30_q0.75_r5,30,0.75,5,density,1117,0.13477924089852827,3.9582999306730926e-05
n30_q0.75_r5,30,0.75,5,insertion,1291,0.0,6.954099808353931e-05
n30_q0.75_r5,30,0.75,5,hybrid,1291,0.0,0.00012954100384376943
n30_q0.75_r5,30,0.75,5,exact,1291,0.0,0.00011475000064820051
n30_q0.75_r6,30,0.75,6,density,1411,0.14224924012158055,3.758300590561703e-05
n30_q0.75_r6,30,0.75,6,insertion,1642,0.00182370820668693,5.88750044698827e-05
n30_q0.75_r6,30,0.75,6,hybrid,1642,0.00182370820668693,0.00013195900100981817
n30_q0.75_r6,30,0.75,6,exact,1645,0.0,9.758399392012507e-05
n30_q0.75_r7,30,0.75,7,density,1250,0.09485879797248371,3.724999987753108e-05
n30_q0.75_r7,30,0.75,7,insertion,1375,0.004344677769732078,5.979200068395585e-05
n30_q0.75_r7,30,0.75,7,hybrid,1375,0.004344677769732078,0.00013300000136950985
n30_q0.75_r7,30,0.75,7,exact,1381,0.0,0.00012412499927449971
n30_q0.75_r8,30,0.75,8,density,1289,0.11772758384668036,3.6375000490807e-05
n30_q0.75_r8,30,0.75,8,insertion,1461,0.0,5.77080063521862e-05
n30_q0.75_r8,30,0.75,8,hybrid,1461,0.0,0.00012983299529878423
n30_q0.75_r8,30,0.75,8,exact,1461,0.0,9.850000060396269e-05
n30_q0.75_r9,30,0.75,9,density,1205,0.1620305980528512,4.179200186626986e-05
n30_q0.75_r9,30,0.75,9,insertion,1438,0.0,5.9374993725214154e-05
n30_q0.75_r9,30,0.75,9,hybrid,1438,0.0,0.0001318340000580065
n30_q0.75_r9,30,0.75,9,exact,1438,0.0,0.00011658299627015367
n30_q0.75_r10,30,0.75,10,density,1218,0.10572687224669604,5.979200068395585e-05
n30_q0.75_r10,30,0.75,10,insertion,1362,0.0,6.800000119255856e-05
n30_q0.75_r10,30,0.75,10,hybrid,1362,0.0,0.0001507500055595301
n30_q0.75_r10,30,0.75,10,exact,1362,0.0,0.00014279199967859313
n30_q0.75_r11,30,0.75,11,density,1136,0.13216195569136746,4.183300188742578e-05
n30_q0.75_r11,30,0.75,11,insertion,1305,0.0030557677616501145,7.916700269561261e-05
n30_q0.75_r11,30,0.75,11,hybrid,1305,0.0030557677616501145,0.0001484580061514862
n30_q0.75_r11,30,0.75,11,exact,1309,0.0,0.00012108300143154338
n30_q0.75_r12,30,0.75,12,density,1140,0.1592920353982301,4.0083999920170754e-05
n30_q0.75_r12,30,0.75,12,insertion,1356,0.0,6.391599890775979e-05
n30_q0.75_r12,30,0.75,12,hybrid,1356,0.0,0.00014870800077915192
n30_q0.75_r12,30,0.75,12,exact,1356,0.0,9.524999768473208e-05
n30_q0.75_r13,30,0.75,13,density,1007,0.18659127625201938,4.320899461163208e-05
n30_q0.75_r13,30,0.75,13,insertion,1238,0.0,7.554199692094699e-05
n30_q0.75_r13,30,0.75,13,hybrid,1238,0.0,0.00015174999862210825
n30_q0.75_r13,30,0.75,13,exact,1238,0.0,0.0001335420020041056
n30_q0.75_r14,30,0.75,14,density,1198,0.08966565349544073,4.1125000279862434e-05
n30_q0.75_r14,30,0.75,14,insertion,1316,0.0,6.270800076890737e-05
n30_q0.75_r14,30,0.75,14,hybrid,1316,0.0,0.00014333299623103812
n30_q0.75_r14,30,0.75,14,exact,1316,0.0,0.00010008300159825012
n30_q0.75_r15,30,0.75,15,density,1299,0.09477351916376307,4.1833998693618923e-05
n30_q0.75_r15,30,0.75,15,insertion,1435,0.0,6.512499385280535e-05
n30_q0.75_r15,30,0.75,15,hybrid,1435,0.0,0.00014987500617280602
n30_q0.75_r15,30,0.75,15,exact,1435,0.0,0.00011600000289035961
n30_q0.75_r16,30,0.75,16,density,1160,0.11179173047473201,3.975000436184928e-05
n30_q0.75_r16,30,0.75,16,insertion,1302,0.0030627871362940277,6.312500045169145e-05
n30_q0.75_r16,30,0.75,16,hybrid,1302,0.0030627871362940277,0.0001482500010752119
n30_q0.75_r16,30,0.75,16,exact,1306,0.0,0.00013604199921246618
n30_q0.75_r17,30,0.75,17,density,961,0.17012089810017272,4.470899875741452e-05
n30_q0.75_r17,30,0.75,17,insertion,1147,0.009499136442141624,6.416600081138313e-05
n30_q0.75_r17,30,0.75,17,hybrid,1147,0.009499136442141624,0.00015862500004004687
n30_q0.75_r17,30,0.75,17,exact,1158,0.0,0.00011824999819509685
n30_q0.75_r18,30,0.75,18,density,1021,0.2259287338893101,4.099999932805076e-05
n30_q0.75_r18,30,0.75,18,insertion,1318,0.000758150113722517,6.379199476214126e-05
n30_q0.75_r18,30,0.75,18,hybrid,1318,0.000758150113722517,0.00014608300261897966
n30_q0.75_r18,30,0.75,18,exact,1319,0.0,0.0001221249985974282
n30_q0.75_r19,30,0.75,19,density,1321,0.12458581842279655,3.9999998989515007e-05
n30_q0.75_r19,30,0.75,19,insertion,1509,0.0,6.329099414870143e-05
n30_q0.75_r19,30,0.75,19,hybrid,1509,0.0,0.00014541600103257224
n30_q0.75_r19,30,0.75,19,exact,1509,0.0,0.00013120900257490575
n30_q0.75_r20,30,0.75,20,density,1126,0.15781600598354525,4.354099655756727e-05
n30_q0.75_r20,30,0.75,20,insertion,1337,0.0,6.54579998808913e-05
n30_q0.75_r20,30,0.75,20,hybrid,1337,0.0,0.00014999999984866008
n30_q0.75_r20,30,0.75,20,exact,1337,0.0,0.00012120800238335505
n30_q0.75_r21,30,0.75,21,density,1170,0.16488222698072805,4.237500252202153e-05
n30_q0.75_r21,30,0.75,21,insertion,1370,0.02212705210563883,6.408300396287814e-05
n30_q0.75_r21,30,0.75,21,hybrid,1370,0.02212705210563883,0.00014404200192075223
n30_q0.75_r21,30,0.75,21,exact,1401,0.0,0.00012887499906355515
n30_q0.75_r22,30,0.75,22,density,1376,0.12690355329949238,4.058299964526668e-05
n30_q0.75_r22,30,0.75,22,insertion,1576,0.0,6.387499888660386e-05
n30_q0.75_r22,30,0.75,22,hybrid,1576,0.0,0.00014437500067288056
n30_q0.75_r22,30,0.75,22,exact,1576,0.0,8.716699812794104e-05
n30_q0.75_r23,30,0.75,23,density,1356,0.112565445026178,4.187500599073246e-05
n30_q0.75_r23,30,0.75,23,insertion,1528,0.0,6.683299579890445e-05
n30_q0.75_r23,30,0.75,23,hybrid,1528,0.0,0.00016154200420714915
n30_q0.75_r23,30,0.75,23,exact,1528,0.0,0.00012187500396976247
n30_q0.75_r24,30,0.75,24,density,1131,0.1875,4.141699901083484e-05
n30_q0.75_r24,30,0.75,24,insertion,1388,0.0028735632183908046,6.549999670824036e-05
n30_q0.75_r24,30,0.75,24,hybrid,1388,0.0028735632183908046,0.00014666599599877372
n30_q0.75_r24,30,0.75,24,exact,1392,0.0,0.00011758300388464704
n30_q0.75_r25,30,0.75,25,density,1247,0.09833694866232827,4.0958002500701696e-05
n30_q0.75_r25,30,0.75,25,insertion,1371,0.008676789587852495,6.525000208057463e-05
n30_q0.75_r25,30,0.75,25,hybrid,1371,0.008676789587852495,0.00014612499944632873
n30_q0.75_r25,30,0.75,25,exact,1383,0.0,0.00012020899885101244
n30_q0.75_r26,30,0.75,26,density,1171,0.1782456140350877,4.104200343135744e-05
n30_q0.75_r26,30,0.75,26,insertion,1407,0.01263157894736842,6.429199856938794e-05
n30_q0.75_r26,30,0.75,26,hybrid,1407,0.01263157894736842,0.0001598329981788993
n30_q0.75_r26,30,0.75,26,exact,1425,0.0,0.0001208749963552691
n30_q0.75_r27,30,0.75,27,density,1060,0.18209876543209877,4.058299964526668e-05
n30_q0.75_r27,30,0.75,27,insertion,1296,0.0,6.712500180583447e-05
n30_q0.75_r27,30,0.75,27,hybrid,1296,0.0,0.0001433750003343448
n30_q0.75_r27,30,0.75,27,exact,1296,0.0,0.00011862499377457425
n30_q0.75_r28,30,0.75,28,density,969,0.1439929328621908,4.1332998080179095e-05
n30_q0.75_r28,30,0.75,28,insertion,1128,0.0035335689045936395,0.0001309159997617826
n30_q0.75_r28,30,0.75,28,hybrid,1128,0.0035335689045936395,0.00015879100101301447
n30_q0.75_r28,30,0.75,28,exact,1132,0.0,0.00013699999544769526
n30_q0.75_r29,30,0.75,29,density,1017,0.13593882752761258,5.6166994909290224e-05
n30_q0.75_r29,30,0.75,29,insertion,1174,0.002548853016142736,6.033299723640084e-05
n30_q0.75_r29,30,0.75,29,hybrid,1174,0.002548853016142736,0.00013570900046033785
n30_q0.75_r29,30,0.75,29,exact,1177,0.0,9.40000027185306e-05
n30_q0.75_r30,30,0.75,30,density,1239,0.12623413258110014,3.899999865097925e-05
n30_q0.75_r30,30,0.75,30,insertion,1417,0.0007052186177715092,6.308299634838477e-05
n30_q0.75_r30,30,0.75,30,hybrid,1417,0.0007052186177715092,0.00013845800276612863
n30_q0.75_r30,30,0.75,30,exact,1418,0.0,0.00011408299906179309
n30_q0.75_r31,30,0.75,31,density,1200,0.10380881254667662,3.7500001781154424e-05
n30_q0.75_r31,30,0.75,31,insertion,1339,0.0,5.941600102232769e-05
n30_q0.75_r31,30,0.75,31,hybrid,1339,0.0,0.00013433300046017393
n30_q0.75_r31,30,0.75,31,exact,1339,0.0,8.316699677379802e-05
n30_q0.75_r32,30,0.75,32,density,1025,0.19607843137254902,5.220800085226074e-05
n30_q0.75_r32,30,0.75,32,insertion,1275,0.0,6.32499941275455e-05
n30_q0.75_r32,30,0.75,32,hybrid,1275,0.0,0.0001355419954052195
n30_q0.75_r32,30,0.75,32,exact,1275,0.0,0.00011549999908311293
n30_q0.75_r33,30,0.75,33,density,1378,0.12507936507936507,3.737500082934275e-05
n30_q0.75_r33,30,0.75,33,insertion,1534,0.02603174603174603,6.004100578138605e-05
n30_q0.75_r33,30,0.75,33,hybrid,1534,0.02603174603174603,0.00013591700553661212
n30_q0.75_r33,30,0.75,33,exact,1575,0.0,0.00010962499800371006
n30_q0.75_r34,30,0.75,34,density,1175,0.13475699558173784,3.858400305034593e-05
n30_q0.75_r34,30,0.75,34,insertion,1349,0.0066273932253313695,6.73749964335002e-05
n30_q0.75_r34,30,0.75,34,hybrid,1349,0.0066273932253313695,0.00015683400124544278
n30_q0.75_r34,30,0.75,34,exact,1358,0.0,0.0001143749977927655
n30_q0.75_r35,30,0.75,35,density,1127,0.1755669348939283,3.833300434052944e-05
n30_q0.75_r35,30,0.75,35,insertion,1367,0.0,6.254099571378902e-05
n30_q0.75_r35,30,0.75,35,hybrid,1367,0.0,0.00013512500299839303
n30_q0.75_r35,30,0.75,35,exact,1367,0.0,0.00011129199992865324
n30_q0.75_r36,30,0.75,36,density,1290,0.2284688995215311,3.837500116787851e-05
n30_q0.75_r36,30,0.75,36,insertion,1640,0.019138755980861243,7.383399497484788e-05
n30_q0.75_r36,30,0.75,36,hybrid,1640,0.019138755980861243,0.00014420899969991297
n30_q0.75_r36,30,0.75,36,exact,1672,0.0,0.00011129199992865324
n30_q0.75_r37,30,0.75,37,density,1311,0.09273356401384084,3.875000402331352e-05
n30_q0.75_r37,30,0.75,37,insertion,1445,0.0,6.149999535409734e-05
n30_q0.75_r37,30,0.75,37,hybrid,1445,0.0,0.00013891699927626178
n30_q0.75_r37,30,0.75,37,exact,1445,0.0,0.00010487500549061224
n30_q0.75_r38,30,0.75,38,density,1398,0.06862091938707528,3.954100247938186e-05
n30_q0.75_r38,30,0.75,38,insertion,1501,0.0,6.241600203793496e-05
n30_q0.75_r38,30,0.75,38,hybrid,1501,0.0,0.00014054199709789827
n30_q0.75_r38,30,0.75,38,exact,1501,0.0,0.00010299999848939478
n30_q0.75_r39,30,0.75,39,density,1248,0.146374829001368,3.74590017599985e-05
n30_q0.75_r39,30,0.75,39,insertion,1462,0.0,5.8166995586361736e-05
n30_q0.75_r39,30,0.75,39,hybrid,1462,0.0,0.00013220799883129075
n30_q0.75_r39,30,0.75,39,exact,1462,0.0,9.595799929229543e-05
n30_q1.0_r0,30,1.0,0,density,1199,0.17024221453287197,3.8791004044469446e-05
n30_q1.0_r0,30,1.0,0,insertion,1441,0.002768166089965398,6.27919944236055e-05
n30_q1.0_r0,30,1.0,0,hybrid,1441,0.002768166089965398,0.00014466600259765983
n30_q1.0_r0,30,1.0,0,exact,1445,0.0,0.0001408340031048283
n30_q1.0_r1,30,1.0,1,density,1514,0.12231884057971014,4.512500163400546e-05
n30_q1.0_r1,30,1.0,1,insertion,1710,0.008695652173913044,6.254199979593977e-05
n30_q1.0_r1,30,1.0,1,hybrid,1710,0.008695652173913044,0.00015037499542813748
n30_q1.0_r1,30,1.0,1,exact,1725,0.0,0.00012820900155929849
n30_q1.0_r2,30,1.0,2,density,1347,0.15917602996254682,3.7083998904563487e-05
n30_q1.0_r2,30,1.0,2,insertion,1602,0.0,6.0333994042593986e-05
n30_q1.0_r2,30,1.0,2,hybrid,1602,0.0,0.00014008300058776513
n30_q1.0_r2,30,1.0,2,exact,1602,0.0,0.00013766600022790954
n30_q1.0_r3,30,1.0,3,density,1267,0.11087719298245614,3.8499994843732566e-05
n30_q1.0_r3,30,1.0,3,insertion,1425,0.0,5.966699973214418e-05
n30_q1.0_r3,30,1.0,3,hybrid,1425,0.0,0.00014241700409911573
n30_q1.0_r3,30,1.0,3,exact,1425,0.0,0.0001257499970961362
n30_q1.0_r4,30,1.0,4,density,1474,0.05452212957023733,3.912499960279092e-05
n30_q1.0_r4,30,1.0,4,insertion,1559,0.0,6.125000072643161e-05
n30_q1.0_r4,30,1.0,4,hybrid,1559,0.0,0.00014395900507224724
n30_q1.0_r4,30,1.0,4,exact,1559,0.0,0.0001308330029132776
n30_q1.0_r5,30,1.0,5,density,936,0.15294117647058825,4.279200220480561e-05
n30_q1.0_r5,30,1.0,5,insertion,1097,0.007239819004524887,7.2750000981614e-05
n30_q1.0_r5,30,1.0,5,hybrid,1097,0.007239819004524887,0.00022033300047041848
n30_q1.0_r5,30,1.0,5,exact,1105,0.0,0.00013433300046017393
n30_q1.0_r6,30,1.0,6,density,1344,0.17495395948434622,4.2041996493935585e-05
n30_q1.0_r6,30,1.0,6,insertion,1629,0.0,6.479099829448387e-05
n30_q1.0_r6,30,1.0,6,hybrid,1629,0.0,0.00015100000018719584
n30_q1.0_r6,30,1.0,6,exact,1629,0.0,0.00015966599312378094
n30_q1.0_r7,30,1.0,7,density,1485,0.16666666666666666,5.554199742618948e-05
n30_q1.0_r7,30,1.0,7,insertion,1782,0.0,6.316699727904052e-05
n30_q1.0_r7,30,1.0,7,hybrid,1782,0.0,0.00014929199824109674
n30_q1.0_r7,30,1.0,7,exact,1782,0.0,0.00016087500262074172
n30_q1.0_r8,30,1.0,8,density,1475,0.09342347879532882,4.104200343135744e-05
n30_q1.0_r8,30,1.0,8,insertion,1627,0.0,6.808299804106355e-05
n30_q1.0_r8,30,1.0,8,hybrid,1627,0.0,0.00015933399845380336
n30_q1.0_r8,30,1.0,8,exact,1627,0.0,0.00015266700211213902
n30_q1.0_r9,30,1.0,9,density,1353,0.12990353697749196,3.983300121035427e-05
n30_q1.0_r9,30,1.0,9,insertion,1554,0.0006430868167202572,6.141699850559235e-05
n30_q1.0_r9,30,1.0,9,hybrid,1554,0.0006430868167202572,0.00014712499978486449
n30_q1.0_r9,30,1.0,9,exact,1555,0.0,0.00014575000386685133
n30_q1.0_r10,30,1.0,10,density,1356,0.07250341997264022,4.033299774164334e-05
n30_q1.0_r10,30,1.0,10,insertion,1462,0.0,6.274999759625643e-05
n30_q1.0_r10,30,1.0,10,hybrid,1462,0.0,0.00014862500393064693
n30_q1.0_r10,30,1.0,10,exact,1462,0.0,0.00015012500080047175
n30_q1.0_r11,30,1.0,11,density,1359,0.18914081145584727,4.1667000914458185e-05
n30_q1.0_r11,30,1.0,11,insertion,1676,0.0,6.054199911886826e-05
n30_q1.0_r11,30,1.0,11,hybrid,1676,0.0,0.00015912500384729356
n30_q1.0_r11,30,1.0,11,exact,1676,0.0,0.00012883399904239923
n30_q1.0_r12,30,1.0,12,density,1574,0.06973995271867613,4.004199581686407e-05
n30_q1.0_r12,30,1.0,12,insertion,1692,0.0,6.445899634854868e-05
n30_q1.0_r12,30,1.0,12,hybrid,1692,0.0,0.00015204199735308066
n30_q1.0_r12,30,1.0,12,exact,1692,0.0,0.0001290829968638718
n30_q1.0_r13,30,1.0,13,density,1265,0.16611733684904417,3.958300658268854e-05
n30_q1.0_r13,30,1.0,13,insertion,1516,0.0006591957811470006,6.437500269385055e-05
n30_q1.0_r13,30,1.0,13,hybrid,1516,0.0006591957811470006,0.00014658399595646188
n30_q1.0_r13,30,1.0,13,exact,1517,0.0,0.00011762500071199611
n30_q1.0_r14,30,1.0,14,density,1449,0.12815884476534295,3.8082995160948485e-05
n30_q1.0_r14,30,1.0,14,insertion,1662,0.0,6.174999725772068e-05
n30_q1.0_r14,30,1.0,14,hybrid,1662,0.0,0.00014654200640507042
n30_q1.0_r14,30,1.0,14,exact,1662,0.0,0.00012704199616564438
n30_q1.0_r15,30,1.0,15,density,1309,0.1382488479262673,4.0458005969412625e-05
n30_q1.0_r15,30,1.0,15,insertion,1519,0.0,6.433299859054387e-05
n30_q1.0_r15,30,1.0,15,hybrid,1519,0.0,0.00014437500067288056
n30_q1.0_r15,30,1.0,15,exact,1519,0.0,0.00011012500181095675
n30_q1.0_r16,30,1.0,16,density,1469,0.0965559655596556,3.9375001506414264e-05
n30_q1.0_r16,30,1.0,16,insertion,1612,0.008610086100861008,6.379199476214126e-05
n30_q1.0_r16,30,1.0,16,hybrid,1612,0.008610086100861008,0.00014729100075783208
n30_q1.0_r16,30,1.0,16,exact,1626,0.0,0.00013104200479574502
n30_q1.0_r17,30,1.0,17,density,1315,0.09372846312887664,3.975000436184928e-05
n30_q1.0_r17,30,1.0,17,insertion,1451,0.0,6.516600114991888e-05
n30_q1.0_r17,30,1.0,17,hybrid,1451,0.0,0.0001568750012665987
n30_q1.0_r17,30,1.0,17,exact,1451,0.0,0.0001453340009902604
n30_q1.0_r18,30,1.0,18,density,1215,0.11956521739130435,3.991600533481687e-05
n30_q1.0_r18,30,1.0,18,insertion,1376,0.002898550724637681,6.516699795611203e-05
n30_q1.0_r18,30,1.0,18,hybrid,1376,0.002898550724637681,0.0001458749975427054
n30_q1.0_r18,30,1.0,18,exact,1380,0.0,0.0001336249988526106
n30_q1.0_r19,30,1.0,19,density,1244,0.08797653958944282,3.858399577438831e-05
n30_q1.0_r19,30,1.0,19,insertion,1364,0.0,6.220799696166068e-05
n30_q1.0_r19,30,1.0,19,hybrid,1364,0.0,0.0001536249983473681
n30_q1.0_r19,30,1.0,19,exact,1364,0.0,0.0001646250020712614
n30_q1.0_r20,30,1.0,20,density,1192,0.07953667953667953,4.083399835508317e-05
n30_q1.0_r20,30,1.0,20,insertion,1295,0.0,6.208400009199977e-05
n30_q1.0_r20,30,1.0,20,hybrid,1295,0.0,0.00017416700575267896
n30_q1.0_r20,30,1.0,20,exact,1295,0.0,0.0001469589988118969
n30_q1.0_r21,30,1.0,21,density,1410,0.12422360248447205,3.825000021606684e-05
n30_q1.0_r21,30,1.0,21,insertion,1604,0.0037267080745341614,6.458300049416721e-05
n30_q1.0_r21,30,1.0,21,hybrid,1604,0.0037267080745341614,0.0001761250023264438
n30_q1.0_r21,30,1.0,21,exact,1610,0.0,0.00013683299766853452
n30_q1.0_r22,30,1.0,22,density,1379,0.11828644501278772,5.200000305194408e-05
n30_q1.0_r22,30,1.0,22,insertion,1564,0.0,7.416600419674069e-05
n30_q1.0_r22,30,1.0,22,hybrid,1564,0.0,0.00015899999561952427
n30_q1.0_r22,30,1.0,22,exact,1564,0.0,0.00015008299669716507
n30_q1.0_r23,30,1.0,23,density,1187,0.08481110254433308,4.287500632926822e-05
n30_q1.0_r23,30,1.0,23,insertion,1296,0.0007710100231303007,6.641600339207798e-05
n30_q1.0_r23,30,1.0,23,hybrid,1296,0.0007710100231303007,0.00015579199680360034
n30_q1.0_r23,30,1.0,23,exact,1297,0.0,0.00015029100177343935
n30_q1.0_r24,30,1.0,24,density,1032,0.1506172839506173,4.158299998380244e-05
n30_q1.0_r24,30,1.0,24,insertion,1215,0.0,7.666700548725203e-05
n30_q1.0_r24,30,1.0,24,hybrid,1215,0.0,0.00016566699923714623
n30_q1.0_r24,30,1.0,24,exact,1215,0.0,0.00017799999477574602
n30_q1.0_r25,30,1.0,25,density,1356,0.12572533849129594,5.916699592489749e-05
n30_q1.0_r25,30,1.0,25,insertion,1551,0.0,6.787500024074689e-05
n30_q1.0_r25,30,1.0,25,hybrid,1551,0.0,0.00015537499712081626
n30_q1.0_r25,30,1.0,25,exact,1551,0.0,0.00015883299784036353
n30_q1.0_r26,30,1.0,26,density,1331,0.07440890125173853,4.7666995669715106e-05
n30_q1.0_r26,30,1.0,26,insertion,1438,0.0,6.429199856938794e-05
n30_q1.0_r26,30,1.0,26,hybrid,1438,0.0,0.00015595899458276108
n30_q1.0_r26,30,1.0,26,exact,1438,0.0,0.00014416699559660628
n30_q1.0_r27,30,1.0,27,density,1244,0.12332628611698379,4.054199962411076e-05
n30_q1.0_r27,30,1.0,27,insertion,1414,0.0035236081747709656,6.670799484709278e-05
n30_q1.0_r27,30,1.0,27,hybrid,1414,0.0035236081747709656,0.00016629200399620458
n30_q1.0_r27,30,1.0,27,exact,1419,0.0,0.0001376670043100603
n30_q1.0_r28,30,1.0,28,density,1274,0.09709425939050319,4.1167004383169115e-05
n30_q1.0_r28,30,1.0,28,insertion,1411,0.0,6.550000398419797e-05
n30_q1.0_r28,30,1.0,28,hybrid,1411,0.0,0.00015091700333869085
n30_q1.0_r28,30,1.0,28,exact,1411,0.0,0.00015266700211213902
n30_q1.0_r29,30,1.0,29,density,1416,0.13182096873083998,3.858400305034593e-05
n30_q1.0_r29,30,1.0,29,insertion,1630,0.0006131207847946045,6.170800043037161e-05
n30_q1.0_r29,30,1.0,29,hybrid,1630,0.0006131207847946045,0.00015004199667600915
n30_q1.0_r29,30,1.0,29,exact,1631,0.0,0.00012829199840780348
n30_q1.0_r30,30,1.0,30,density,1567,0.13281682346430548,4.1459003114141524e-05
n30_q1.0_r30,30,1.0,30,insertion,1807,0.0,6.483299512183294e-05
n30_q1.0_r30,30,1.0,30,hybrid,1807,0.0,0.0001484159947722219
n30_q1.0_r30,30,1.0,30,exact,1807,0.0,0.0001352500039502047
n30_q1.0_r31,30,1.0,31,density,1082,0.21021897810218979,3.8708996726199985e-05
n30_q1.0_r31,30,1.0,31,insertion,1370,0.0,6.479200237663463e-05
n30_q1.0_r31,30,1.0,31,hybrid,1370,0.0,0.00014416599879041314
n30_q1.0_r31,30,1.0,31,exact,1370,0.0,0.0001485839966335334
n30_q1.0_r32,30,1.0,32,density,1336,0.07479224376731301,3.9582999306730926e-05
n30_q1.0_r32,30,1.0,32,insertion,1444,0.0,6.350000330712646e-05
n30_q1.0_r32,30,1.0,32,hybrid,1444,0.0,0.00015141699986997992
n30_q1.0_r32,30,1.0,32,exact,1444,0.0,0.0001657920001889579
n30_q1.0_r33,30,1.0,33,density,954,0.20961060480530241,3.94589951611124e-05
n30_q1.0_r33,30,1.0,33,insertion,1207,0.0,6.416600081138313e-05
n30_q1.0_r33,30,1.0,33,hybrid,1207,0.0,0.00014129099872661754
n30_q1.0_r33,30,1.0,33,exact,1207,0.0,0.00015041600272525102
n30_q1.0_r34,30,1.0,34,density,1527,0.11785095320623917,4.050000279676169e-05
n30_q1.0_r34,30,1.0,34,insertion,1731,0.0,6.483300239779055e-05
n30_q1.0_r34,30,1.0,34,hybrid,1731,0.0,0.0001514999967184849
n30_q1.0_r34,30,1.0,34,exact,1731,0.0,0.00012612499995157123
n30_q1.0_r35,30,1.0,35,density,1178,0.11892296185489903,4.0458005969412625e-05
n30_q1.0_r35,30,1.0,35,insertion,1336,0.0007479431563201197,6.695800402667373e-05
n30_q1.0_r35,30,1.0,35,hybrid,1336,0.0007479431563201197,0.00014908400044078007
n30_q1.0_r35,30,1.0,35,exact,1337,0.0,0.00014304200158221647
n30_q1.0_r36,30,1.0,36,density,826,0.1108719052744887,3.9749997085891664e-05
n30_q1.0_r36,30,1.0,36,insertion,929,0.0,6.312500045169145e-05
n30_q1.0_r36,30,1.0,36,hybrid,929,0.0,0.00014887499855831265
n30_q1.0_r36,30,1.0,36,exact,929,0.0,0.00016495800082338974
n30_q1.0_r37,30,1.0,37,density,1424,0.13064713064713065,6.09580019954592e-05
n30_q1.0_r37,30,1.0,37,insertion,1638,0.0,6.6791006247513e-05
n30_q1.0_r37,30,1.0,37,hybrid,1638,0.0,0.00015070799418026581
n30_q1.0_r37,30,1.0,37,exact,1638,0.0,0.0001633749998291023
n30_q1.0_r38,30,1.0,38,density,1317,0.14757281553398058,4.579099913826212e-05
n30_q1.0_r38,30,1.0,38,insertion,1545,0.0,6.966599903535098e-05
n30_q1.0_r38,30,1.0,38,hybrid,1545,0.0,0.00014491599722532555
n30_q1.0_r38,30,1.0,38,exact,1545,0.0,0.00012387499737087637
n30_q1.0_r39,30,1.0,39,density,1432,0.07969151670951156,3.7999998312443495e-05
n30_q1.0_r39,30,1.0,39,insertion,1556,0.0,6.112499977461994e-05
n30_q1.0_r39,30,1.0,39,hybrid,1556,0.0,0.00018212500435765833
n30_q1.0_r39,30,1.0,39,exact,1556,0.0,0.00017208400095114484
n100_q0.25_r0,100,0.25,0,density,2448,0.08004509582863585,0.00018450000061420724
n100_q0.25_r0,100,0.25,0,insertion,2661,0.0,0.00031895800202619284
n100_q0.25_r0,100,0.25,0,hybrid,2661,0.0,0.0005546250031329691
n100_q0.25_r0,100,0.25,0,exact,2661,0.0,0.00040845799958333373
n100_q0.25_r1,100,0.25,1,density,2650,0.11578244911578245,0.00017125000158557668
n100_q0.25_r1,100,0.25,1,insertion,2982,0.005005005005005005,0.0003175000019837171
n100_q0.25_r1,100,0.25,1,hybrid,2982,0.005005005005005005,0.0005519999976968393
n100_q0.25_r1,100,0.25,1,exact,2997,0.0,0.0003633329979493283
n100_q0.25_r2,100,0.25,2,density,2695,0.059336823734729496,0.0001653340004850179
n100_q0.25_r2,100,0.25,2,insertion,2863,0.0006980802792321117,0.00031170900183496997
n100_q0.25_r2,100,0.25,2,hybrid,2863,0.0006980802792321117,0.0005407089993241243
n100_q0.25_r2,100,0.25,2,exact,2865,0.0,0.00042141700396314263
n100_q0.25_r3,100,0.25,3,density,2495,0.07007081625046589,0.00017220799782080576
n100_q0.25_r3,100,0.25,3,insertion,2678,0.0018635855385762206,0.00031920900073600933
n100_q0.25_r3,100,0.25,3,hybrid,2678,0.0018635855385762206,0.0005600000004051253
n100_q0.25_r3,100,0.25,3,exact,2683,0.0,0.0004101250015082769
n100_q0.25_r4,100,0.25,4,density,2521,0.05011303692539563,0.00018520800222177058
n100_q0.25_r4,100,0.25,4,insertion,2626,0.010550113036925395,0.0005397090062615462
n100_q0.25_r4,100,0.25,4,hybrid,2626,0.010550113036925395,0.0005522920037037693
n100_q0.25_r4,100,0.25,4,exact,2654,0.0,0.0003819170015049167
n100_q0.25_r5,100,0.25,5,density,2828,0.03579952267303103,0.0001904579985421151
n100_q0.25_r5,100,0.25,5,insertion,2920,0.004432321854756222,0.0003127919990220107
n100_q0.25_r5,100,0.25,5,hybrid,2920,0.004432321854756222,0.0005745839953306131
n100_q0.25_r5,100,0.25,5,exact,2933,0.0,0.0003868749990942888
n100_q0.25_r6,100,0.25,6,density,2540,0.05925925925925926,0.00018170800467487425
n100_q0.25_r6,100,0.25,6,insertion,2680,0.007407407407407408,0.0003128750031464733
n100_q0.25_r6,100,0.25,6,hybrid,2680,0.007407407407407408,0.0005392500024754554
n100_q0.25_r6,100,0.25,6,exact,2700,0.0,0.0003605419988161884
n100_q0.25_r7,100,0.25,7,density,2339,0.08166470357283079,0.00015841599815757945
n100_q0.25_r7,100,0.25,7,insertion,2537,0.0039261876717707105,0.00031320799462264404
n100_q0.25_r7,100,0.25,7,hybrid,2537,0.0039261876717707105,0.0005392500024754554
n100_q0.25_r7,100,0.25,7,exact,2547,0.0,0.00037650000012945384
n100_q0.25_r8,100,0.25,8,density,2423,0.0863499245852187,0.00016145900008268654
n100_q0.25_r8,100,0.25,8,insertion,2651,0.0003770739064856712,0.0002916250014095567
n100_q0.25_r8,100,0.25,8,hybrid,2651,0.0003770739064856712,0.0005113749939482659
n100_q0.25_r8,100,0.25,8,exact,2652,0.0,0.0003834589952020906
n100_q0.25_r9,100,0.25,9,density,2044,0.1353637901861252,0.00020437499915715307
n100_q0.25_r9,100,0.25,9,insertion,2362,0.0008460236886632825,0.00043045799975516275
n100_q0.25_r9,100,0.25,9,hybrid,2362,0.0008460236886632825,0.0005464580026455224
n100_q0.25_r9,100,0.25,9,exact,2364,0.0,0.0003614590023062192
n100_q0.25_r10,100,0.25,10,density,2622,0.05751258087706686,0.00015899999561952427
n100_q0.25_r10,100,0.25,10,insertion,2782,0.0,0.00031637500069336966
n100_q0.25_r10,100,0.25,10,hybrid,2782,0.0,0.0005517910030903295
n100_q0.25_r10,100,0.25,10,exact,2782,0.0,0.0003752910051844083
n100_q0.25_r11,100,0.25,11,density,2587,0.12660364618501013,0.00016783300088718534
n100_q0.25_r11,100,0.25,11,insertion,2946,0.0054017555705604325,0.000309124996419996
n100_q0.25_r11,100,0.25,11,hybrid,2946,0.0054017555705604325,0.0005564579987549223
n100_q0.25_r11,100,0.25,11,exact,2962,0.0,0.00032949999877018854
n100_q0.25_r12,100,0.25,12,density,2587,0.07738944365192582,0.00018791700131259859
n100_q0.25_r12,100,0.25,12,insertion,2794,0.003566333808844508,0.00032429100247099996
n100_q0.25_r12,100,0.25,12,hybrid,2794,0.003566333808844508,0.000559291998797562
n100_q0.25_r12,100,0.25,12,exact,2804,0.0,0.00034225000126753
n100_q0.25_r13,100,0.25,13,density,2638,0.12793388429752067,0.0001621249975869432
n100_q0.25_r13,100,0.25,13,insertion,2996,0.009586776859504133,0.0003160839987685904
n100_q0.25_r13,100,0.25,13,hybrid,2996,0.009586776859504133,0.0005672079932992347
n100_q0.25_r13,100,0.25,13,exact,3025,0.0,0.00034583299566293135
n100_q0.25_r14,100,0.25,14,density,2737,0.09967105263157895,0.0001585830032126978
n100_q0.25_r14,100,0.25,14,insertion,3023,0.005592105263157895,0.0003375410014996305
n100_q0.25_r14,100,0.25,14,hybrid,3023,0.005592105263157895,0.0005857090000063181
n100_q0.25_r14,100,0.25,14,exact,3040,0.0,0.0003645839969976805
n100_q0.25_r15,100,0.25,15,density,2682,0.09238578680203045,0.00017374999879393727
n100_q0.25_r15,100,0.25,15,insertion,2937,0.006091370558375634,0.0003161669956170954
n100_q0.25_r15,100,0.25,15,hybrid,2937,0.006091370558375634,0.0005516249948414043
n100_q0.25_r15,100,0.25,15,exact,2955,0.0,0.0003584590012906119
n100_q0.25_r16,100,0.25,16,density,2377,0.05449482895783612,0.00016141699597937986
n100_q0.25_r16,100,0.25,16,insertion,2480,0.013524264120922832,0.0003217089979443699
n100_q0.25_r16,100,0.25,16,hybrid,2480,0.013524264120922832,0.0005212079995544627
n100_q0.25_r16,100,0.25,16,exact,2514,0.0,0.00035183400177629665
n100_q0.25_r17,100,0.25,17,density,2412,0.10930576070901034,0.00015474999963771552
n100_q0.25_r17,100,0.25,17,insertion,2708,0.0,0.0003063339972868562
n100_q0.25_r17,100,0.25,17,hybrid,2708,0.0,0.0005302909994497895
n100_q0.25_r17,100,0.25,17,exact,2708,0.0,0.00030404199787881225
n100_q0.25_r18,100,0.25,18,density,2621,0.09056210964607911,0.0001769579976098612
n100_q0.25_r18,100,0.25,18,insertion,2855,0.009368494101318528,0.0003189999988535419
n100_q0.25_r18,100,0.25,18,hybrid,2855,0.009368494101318528,0.0005378339992603287
n100_q0.25_r18,100,0.25,18,exact,2882,0.0,0.0003499169979477301
n100_q0.25_r19,100,0.25,19,density,2702,0.08530805687203792,0.00016962499648798257
n100_q0.25_r19,100,0.25,19,insertion,2919,0.011848341232227487,0.0003067919969907962
n100_q0.25_r19,100,0.25,19,hybrid,2919,0.011848341232227487,0.000692166002409067
n100_q0.25_r19,100,0.25,19,exact,2954,0.0,0.00031637499341741204
n100_q0.25_r20,100,0.25,20,density,2415,0.05590304925723221,0.00016666699957568198
n100_q0.25_r20,100,0.25,20,insertion,2558,0.0,0.0003142080022371374
n100_q0.25_r20,100,0.25,20,hybrid,2558,0.0,0.0005762080036220141
n100_q0.25_r20,100,0.25,20,exact,2558,0.0,0.00034458299342077225
n100_q0.25_r21,100,0.25,21,density,2272,0.09912767644726407,0.00016195799980778247
n100_q0.25_r21,100,0.25,21,insertion,2506,0.006344171292624901,0.00029433299641823396
n100_q0.25_r21,100,0.25,21,hybrid,2506,0.006344171292624901,0.0005387909986893646
n100_q0.25_r21,100,0.25,21,exact,2522,0.0,0.0003857910051010549
n100_q0.25_r22,100,0.25,22,density,2934,0.07239962061334176,0.00016208399756578729
n100_q0.25_r22,100,0.25,22,insertion,3163,0.0,0.00032595899392617866
n100_q0.25_r22,100,0.25,22,hybrid,3163,0.0,0.0005587909981841221
n100_q0.25_r22,100,0.25,22,exact,3163,0.0,0.0003285000057076104
n100_q0.25_r23,100,0.25,23,density,2839,0.07252531852335838,0.00016437500016763806
n100_q0.25_r23,100,0.25,23,insertion,3053,0.0026135249918327343,0.00032987499434966594
n100_q0.25_r23,100,0.25,23,hybrid,3053,0.0026135249918327343,0.0005900420001125894
n100_q0.25_r23,100,0.25,23,exact,3061,0.0,0.00040662500396138057
n100_q0.25_r24,100,0.25,24,density,2610,0.08388908388908389,0.0001773750045686029
n100_q0.25_r24,100,0.25,24,insertion,2845,0.001404001404001404,0.00031033300183480605
n100_q0.25_r24,100,0.25,24,hybrid,2845,0.001404001404001404,0.0006452499947044998
n100_q0.25_r24,100,0.25,24,exact,2849,0.0,0.0005199590013944544
n100_q0.25_r25,100,0.25,25,density,2498,0.07172054998141955,0.00017291700351051986
n100_q0.25_r25,100,0.25,25,insertion,2686,0.0018580453363062058,0.0003267920037615113
n100_q0.25_r25,100,0.25,25,hybrid,2686,0.0018580453363062058,0.0005742080029449426
n100_q0.25_r25,100,0.25,25,exact,2691,0.0,0.0004085420005139895
n100_q0.25_r26,100,0.25,26,density,2686,0.0741123750430886,0.00016404099733335897
n100_q0.25_r26,100,0.25,26,insertion,2896,0.001723543605653223,0.00032666599872754887
n100_q0.25_r26,100,0.25,26,hybrid,2896,0.001723543605653223,0.0005778340055258013
n100_q0.25_r26,100,0.25,26,exact,2901,0.0,0.00036041699786437675
n100_q0.25_r27,100,0.25,27,density,2552,0.08661417322834646,0.00016704100562492386
n100_q0.25_r27,100,0.25,27,insertion,2792,0.0007158196134574087,0.00031483300699619576
n100_q0.25_r27,100,0.25,27,hybrid,2792,0.0007158196134574087,0.0005502920030266978
n100_q0.25_r27,100,0.25,27,exact,2794,0.0,0.00037000000156695023
n100_q0.25_r28,100,0.25,28,density,2663,0.05634301913536499,0.00016925000090850517
n100_q0.25_r28,100,0.25,28,insertion,2799,0.00815024805102764,0.00032900000223889947
n100_q0.25_r28,100,0.25,28,hybrid,2799,0.00815024805102764,0.0005682499977410771
n100_q0.25_r28,100,0.25,28,exact,2822,0.0,0.0003748749950318597
n100_q0.25_r29,100,0.25,29,density,2496,0.06411698537682789,0.00016170899471035227
n100_q0.25_r29,100,0.25,29,insertion,2667,0.0,0.000311833995510824
n100_q0.25_r29,100,0.25,29,hybrid,2667,0.0,0.0006337919985526241
n100_q0.25_r29,100,0.25,29,exact,2667,0.0,0.0004348340007709339
n100_q0.25_r30,100,0.25,30,density,2559,0.07883369330453564,0.0001818329983507283
n100_q0.25_r30,100,0.25,30,insertion,2778,0.0,0.00031304200092563406
n100_q0.25_r30,100,0.25,30,hybrid,2778,0.0,0.0005454580023069866
n100_q0.25_r30,100,0.25,30,exact,2778,0.0,0.0004353749973233789
n100_q0.25_r31,100,0.25,31,density,2376,0.12130177514792899,0.00015899999561952427
n100_q0.25_r31,100,0.25,31,insertion,2683,0.007766272189349112,0.00030420799885177985
n100_q0.25_r31,100,0.25,31,hybrid,2683,0.007766272189349112,0.000548083997273352
n100_q0.25_r31,100,0.25,31,exact,2704,0.0,0.0003395829990040511
n100_q0.25_r32,100,0.25,32,density,2491,0.08921389396709324,0.0001574159978190437
n100_q0.25_r32,100,0.25,32,insertion,2735,0.0,0.0003107919983449392
n100_q0.25_r32,100,0.25,32,hybrid,2735,0.0,0.0005348749982658774
n100_q0.25_r32,100,0.25,32,exact,2735,0.0,0.00036970899964217097
n100_q0.25_r33,100,0.25,33,density,2520,0.08629441624365482,0.00015875000099185854
n100_q0.25_r33,100,0.25,33,insertion,2758,0.0,0.0003264170009060763
n100_q0.25_r33,100,0.25,33,hybrid,2758,0.0,0.0005639999944833107
n100_q0.25_r33,100,0.25,33,exact,2758,0.0,0.0004171250038780272
n100_q0.25_r34,100,0.25,34,density,2558,0.10277095755875132,0.00016170899471035227
n100_q0.25_r34,100,0.25,34,insertion,2846,0.00175377060680463,0.00031275000219466165
n100_q0.25_r34,100,0.25,34,hybrid,2846,0.00175377060680463,0.0005896669972571544
n100_q0.25_r34,100,0.25,34,exact,2851,0.0,0.00043333299981895834
n100_q0.25_r35,100,0.25,35,density,2531,0.09413027916964925,0.00017479099915362895
n100_q0.25_r35,100,0.25,35,insertion,2791,0.0010737294201861132,0.0003183329972671345
n100_q0.25_r35,100,0.25,35,hybrid,2791,0.0010737294201861132,0.0005888329978915863
n100_q0.25_r35,100,0.25,35,exact,2794,0.0,0.00036404199636308476
n100_q0.25_r36,100,0.25,36,density,2509,0.1036084315827081,0.00017425000260118395
n100_q0.25_r36,100,0.25,36,insertion,2799,0.0,0.0003092499973718077
n100_q0.25_r36,100,0.25,36,hybrid,2799,0.0,0.0005618750001303852
n100_q0.25_r36,100,0.25,36,exact,2799,0.0,0.00040083400381263345
n100_q0.25_r37,100,0.25,37,density,2442,0.056049478160030926,0.00016645800496917218
n100_q0.25_r37,100,0.25,37,insertion,2573,0.005411673753382296,0.0003072090039495379
n100_q0.25_r37,100,0.25,37,hybrid,2573,0.005411673753382296,0.0005272079943097197
n100_q0.25_r37,100,0.25,37,exact,2587,0.0,0.0003803330037044361
n100_q0.25_r38,100,0.25,38,density,2686,0.10347129506008011,0.0001584999990882352
n100_q0.25_r38,100,0.25,38,insertion,2989,0.002336448598130841,0.00031083300564205274
n100_q0.25_r38,100,0.25,38,hybrid,2989,0.002336448598130841,0.000564207999559585
n100_q0.25_r38,100,0.25,38,exact,2996,0.0,0.0003800000049523078
n100_q0.25_r39,100,0.25,39,density,2546,0.13046448087431695,0.00016195799980778247
n100_q0.25_r39,100,0.25,39,insertion,2928,0.0,0.00031149999995250255
n100_q0.25_r39,100,0.25,39,hybrid,2928,0.0,0.0005719999971915968
n100_q0.25_r39,100,0.25,39,exact,2928,0.0,0.0003799170008278452
n100_q0.5_r0,100,0.5,0,density,3568,0.12420225822287678,0.00016791699454188347
n100_q0.5_r0,100,0.5,0,insertion,4074,0.0,0.00037670899473596364
n100_q0.5_r0,100,0.5,0,hybrid,4074,0.0,0.0006587919997400604
n100_q0.5_r0,100,0.5,0,exact,4074,0.0,0.0008805420002317987
n100_q0.5_r1,100,0.5,1,density,3298,0.1440436023877498,0.00016862500342540443
n100_q0.5_r1,100,0.5,1,insertion,3843,0.0025953802232026994,0.0003789999973378144
n100_q0.5_r1,100,0.5,1,hybrid,3843,0.0025953802232026994,0.0006365420049405657
n100_q0.5_r1,100,0.5,1,exact,3853,0.0,0.0007502079970436171
n100_q0.5_r2,100,0.5,2,density,3531,0.10426179604261795,0.00016312500520143658
n100_q0.5_r2,100,0.5,2,insertion,3942,0.0,0.0003474589975667186
n100_q0.5_r2,100,0.5,2,hybrid,3942,0.0,0.0006111249967943877
n100_q0.5_r2,100,0.5,2,exact,3942,0.0,0.0007002909987932071
n100_q0.5_r3,100,0.5,3,density,3800,0.08411665461557001,0.00016404199413955212
n100_q0.5_r3,100,0.5,3,insertion,4149,0.0,0.0003583750003599562
n100_q0.5_r3,100,0.5,3,hybrid,4149,0.0,0.0008540830021956936
n100_q0.5_r3,100,0.5,3,exact,4149,0.0,0.0009300000019720756
n100_q0.5_r4,100,0.5,4,density,3540,0.16193181818181818,0.00017408400162821636
n100_q0.5_r4,100,0.5,4,insertion,4224,0.0,0.0003636250039562583
n100_q0.5_r4,100,0.5,4,hybrid,4224,0.0,0.000611791001574602
n100_q0.5_r4,100,0.5,4,exact,4224,0.0,0.0007256249955389649
n100_q0.5_r5,100,0.5,5,density,3056,0.14517482517482516,0.00016112500452436507
n100_q0.5_r5,100,0.5,5,insertion,3561,0.003916083916083916,0.0003825000021606684
n100_q0.5_r5,100,0.5,5,hybrid,3561,0.003916083916083916,0.0006139170000096783
n100_q0.5_r5,100,0.5,5,exact,3575,0.0,0.0007189169991761446
n100_q0.5_r6,100,0.5,6,density,3310,0.12294647588765235,0.00018975000421050936
n100_q0.5_r6,100,0.5,6,insertion,3771,0.000794912559618442,0.00036625000211643055
n100_q0.5_r6,100,0.5,6,hybrid,3771,0.000794912559618442,0.0005990839999867603
n100_q0.5_r6,100,0.5,6,exact,3774,0.0,0.000745208999433089
n100_q0.5_r7,100,0.5,7,density,3520,0.1474933397917171,0.00016083299851743504
n100_q0.5_r7,100,0.5,7,insertion,4129,0.0,0.00045849999878555536
n100_q0.5_r7,100,0.5,7,hybrid,4129,0.0,0.0006528750018333085
n100_q0.5_r7,100,0.5,7,exact,4129,0.0,0.000854915997479111
n100_q0.5_r8,100,0.5,8,density,3436,0.1307867442448773,0.00017620799917494878
n100_q0.5_r8,100,0.5,8,insertion,3953,0.0,0.0003697909996844828
n100_q0.5_r8,100,0.5,8,hybrid,3953,0.0,0.0006637920014327392
n100_q0.5_r8,100,0.5,8,exact,3953,0.0,0.0009366659942315891
n100_q0.5_r9,100,0.5,9,density,3619,0.11839220462850182,0.00017262500477954745
n100_q0.5_r9,100,0.5,9,insertion,4091,0.00341047503045067,0.00036904200533172116
n100_q0.5_r9,100,0.5,9,hybrid,4091,0.00341047503045067,0.0006299169981502928
n100_q0.5_r9,100,0.5,9,exact,4105,0.0,0.0008254169952124357
n100_q0.5_r10,100,0.5,10,density,3403,0.12406692406692407,0.00018283299868926406
n100_q0.5_r10,100,0.5,10,insertion,3882,0.0007722007722007722,0.0003642920055426657
n100_q0.5_r10,100,0.5,10,hybrid,3882,0.0007722007722007722,0.0006345000001601875
n100_q0.5_r10,100,0.5,10,exact,3885,0.0,0.0007958330024848692
n100_q0.5_r11,100,0.5,11,density,3200,0.12830291473712885,0.00017654200200922787
n100_q0.5_r11,100,0.5,11,insertion,3668,0.0008172160174339417,0.00037833399983355775
n100_q0.5_r11,100,0.5,11,hybrid,3668,0.0008172160174339417,0.000633333002042491
n100_q0.5_r11,100,0.5,11,exact,3671,0.0,0.000927500004763715
n100_q0.5_r12,100,0.5,12,density,3307,0.11387995712754555,0.00017179200222017244
n100_q0.5_r12,100,0.5,12,insertion,3728,0.0010718113612004287,0.00040637500205775723
n100_q0.5_r12,100,0.5,12,hybrid,3728,0.0010718113612004287,0.0006034580001141876
n100_q0.5_r12,100,0.5,12,exact,3732,0.0,0.0007870829940657131
n100_q0.5_r13,100,0.5,13,density,3394,0.0809639859193068,0.0001610830004210584
n100_q0.5_r13,100,0.5,13,insertion,3693,0.0,0.00035754199780058116
n100_q0.5_r13,100,0.5,13,hybrid,3693,0.0,0.000672124995617196
n100_q0.5_r13,100,0.5,13,exact,3693,0.0,0.0007719999994151294
n100_q0.5_r14,100,0.5,14,density,3226,0.1381244990649212,0.00016612499894108623
n100_q0.5_r14,100,0.5,14,insertion,3743,0.0,0.00035391699930187315
n100_q0.5_r14,100,0.5,14,hybrid,3743,0.0,0.0006427919943234883
n100_q0.5_r14,100,0.5,14,exact,3743,0.0,0.0007123750037862919
n100_q0.5_r15,100,0.5,15,density,3450,0.08512330946698489,0.0001649999976507388
n100_q0.5_r15,100,0.5,15,insertion,3771,0.0,0.0003533329945639707
n100_q0.5_r15,100,0.5,15,hybrid,3771,0.0,0.0006060410014470108
n100_q0.5_r15,100,0.5,15,exact,3771,0.0,0.0009066249986062758
n100_q0.5_r16,100,0.5,16,density,3405,0.08835341365461848,0.0001621670016902499
n100_q0.5_r16,100,0.5,16,insertion,3734,0.0002677376171352075,0.0003652500017778948
n100_q0.5_r16,100,0.5,16,hybrid,3734,0.0002677376171352075,0.000596207995840814
n100_q0.5_r16,100,0.5,16,exact,3735,0.0,0.0008534169974154793
n100_q0.5_r17,100,0.5,17,density,3809,0.12032332563510392,0.00019862499902956188
n100_q0.5_r17,100,0.5,17,insertion,4314,0.003695150115473441,0.0003991249977843836
n100_q0.5_r17,100,0.5,17,hybrid,4314,0.003695150115473441,0.0006530000027851202
n100_q0.5_r17,100,0.5,17,exact,4330,0.0,0.0007671249986742623
n100_q0.5_r18,100,0.5,18,density,3690,0.0966952264381885,0.00017979199765250087
n100_q0.5_r18,100,0.5,18,insertion,4085,0.0,0.0004896249956800602
n100_q0.5_r18,100,0.5,18,hybrid,4085,0.0,0.0006240829970920458
n100_q0.5_r18,100,0.5,18,exact,4085,0.0,0.0007553749965154566
n100_q0.5_r19,100,0.5,19,density,3597,0.11621621621621622,0.00016145799600053579
n100_q0.5_r19,100,0.5,19,insertion,4070,0.0,0.0003767500020330772
n100_q0.5_r19,100,0.5,19,hybrid,4070,0.0,0.0006437909978558309
n100_q0.5_r19,100,0.5,19,exact,4070,0.0,0.000840000000607688
n100_q0.5_r20,100,0.5,20,density,3664,0.08331248436327246,0.0001601249969098717
n100_q0.5_r20,100,0.5,20,insertion,3992,0.0012509382036527395,0.0003491669995128177
n100_q0.5_r20,100,0.5,20,hybrid,3992,0.0012509382036527395,0.0006017920022713952
n100_q0.5_r20,100,0.5,20,exact,3997,0.0,0.0008609590004198253
n100_q0.5_r21,100,0.5,21,density,3380,0.1488290103248552,0.00016708300245227292
n100_q0.5_r21,100,0.5,21,insertion,3955,0.004029211785444472,0.00038354100252036005
n100_q0.5_r21,100,0.5,21,hybrid,3955,0.004029211785444472,0.0006316660001175478
n100_q0.5_r21,100,0.5,21,exact,3971,0.0,0.0009594999937689863
n100_q0.5_r22,100,0.5,22,density,3566,0.10693713999499123,0.00016579099610680714
n100_q0.5_r22,100,0.5,22,insertion,3988,0.001252191334835963,0.0003635419998317957
n100_q0.5_r22,100,0.5,22,hybrid,3988,0.001252191334835963,0.000668083994241897
n100_q0.5_r22,100,0.5,22,exact,3993,0.0,0.0007468330004485324
n100_q0.5_r23,100,0.5,23,density,3375,0.15688233824631526,0.00017629100329941139
n100_q0.5_r23,100,0.5,23,insertion,3995,0.0019985011241568824,0.00036824999551754445
n100_q0.5_r23,100,0.5,23,hybrid,3995,0.0019985011241568824,0.0006236249973881058
n100_q0.5_r23,100,0.5,23,exact,4003,0.0,0.0008267090015579015
n100_q0.5_r24,100,0.5,24,density,3208,0.1287343834872352,0.00016391700046369806
n100_q0.5_r24,100,0.5,24,insertion,3679,0.0008147745790331341,0.0003574579968699254
n100_q0.5_r24,100,0.5,24,hybrid,3679,0.0008147745790331341,0.0006520420065498911
n100_q0.5_r24,100,0.5,24,exact,3682,0.0,0.0009017090051202103
n100_q0.5_r25,100,0.5,25,density,3524,0.1259920634920635,0.0001612920023035258
n100_q0.5_r25,100,0.5,25,insertion,4016,0.003968253968253968,0.0003814170049736276
n100_q0.5_r25,100,0.5,25,hybrid,4016,0.003968253968253968,0.0007152500038500875
n100_q0.5_r25,100,0.5,25,exact,4032,0.0,0.0010310409998055547
n100_q0.5_r26,100,0.5,26,density,3648,0.08410745669093649,0.00018870900385081768
n100_q0.5_r26,100,0.5,26,insertion,3952,0.007783078081847854,0.0003907080026692711
n100_q0.5_r26,100,0.5,26,hybrid,3952,0.007783078081847854,0.0007374999986495823
n100_q0.5_r26,100,0.5,26,exact,3983,0.0,0.0008668749942444265
n100_q0.5_r27,100,0.5,27,density,3025,0.12949640287769784,0.00016941600188147277
n100_q0.5_r27,100,0.5,27,insertion,3471,0.0011510791366906475,0.0003569170003174804
n100_q0.5_r27,100,0.5,27,hybrid,3471,0.0011510791366906475,0.0006110410031396896
n100_q0.5_r27,100,0.5,27,exact,3475,0.0,0.0008057500017457642
n100_q0.5_r28,100,0.5,28,density,3734,0.12347417840375587,0.00018183400243287906
n100_q0.5_r28,100,0.5,28,insertion,4246,0.0032863849765258214,0.00037916699511697516
n100_q0.5_r28,100,0.5,28,hybrid,4246,0.0032863849765258214,0.0006149589971755631
n100_q0.5_r28,100,0.5,28,exact,4260,0.0,0.0008955000012065284
n100_q0.5_r29,100,0.5,29,density,3606,0.12411950449356328,0.0001662499998928979
n100_q0.5_r29,100,0.5,29,insertion,4117,0.0,0.0003609590057749301
n100_q0.5_r29,100,0.5,29,hybrid,4117,0.0,0.0006111670008976944
n100_q0.5_r29,100,0.5,29,exact,4117,0.0,0.0007476660030079074
n100_q0.5_r30,100,0.5,30,density,3662,0.1379472693032015,0.00016524999955436215
n100_q0.5_r30,100,0.5,30,insertion,4221,0.006355932203389831,0.0003728340016095899
n100_q0.5_r30,100,0.5,30,hybrid,4221,0.006355932203389831,0.0006467499988502823
n100_q0.5_r30,100,0.5,30,exact,4248,0.0,0.0007937920017866418
n100_q0.5_r31,100,0.5,31,density,3943,0.11053462666365892,0.00015799999528098851
n100_q0.5_r31,100,0.5,31,insertion,4428,0.0011279043537108053,0.0003613330045482144
n100_q0.5_r31,100,0.5,31,hybrid,4428,0.0011279043537108053,0.0006377499958034605
n100_q0.5_r31,100,0.5,31,exact,4433,0.0,0.0008616670020273887
n100_q0.5_r32,100,0.5,32,density,4107,0.08223463687150838,0.00015762499970151111
n100_q0.5_r32,100,0.5,32,insertion,4472,0.000670391061452514,0.0003562080019037239
n100_q0.5_r32,100,0.5,32,hybrid,4472,0.000670391061452514,0.0009381670024595223
n100_q0.5_r32,100,0.5,32,exact,4475,0.0,0.0008972499999799766
n100_q0.5_r33,100,0.5,33,density,3363,0.11569813305285301,0.00017637499695410952
n100_q0.5_r33,100,0.5,33,insertion,3802,0.00026295030239284776,0.00037858300493098795
n100_q0.5_r33,100,0.5,33,hybrid,3802,0.00026295030239284776,0.0006695419942843728
n100_q0.5_r33,100,0.5,33,exact,3803,0.0,0.0009031660010805354
n100_q0.5_r34,100,0.5,34,density,3768,0.10093056549749463,0.0001704579990473576
n100_q0.5_r34,100,0.5,34,insertion,4187,0.000954426151276545,0.0003766250010812655
n100_q0.5_r34,100,0.5,34,hybrid,4187,0.000954426151276545,0.0006378749967552722
n100_q0.5_r34,100,0.5,34,exact,4191,0.0,0.000859666004544124
n100_q0.5_r35,100,0.5,35,density,3671,0.06709021601016518,0.00016825000056996942
n100_q0.5_r35,100,0.5,35,insertion,3935,0.0,0.0003532499977154657
n100_q0.5_r35,100,0.5,35,hybrid,3935,0.0,0.0006314170022960752
n100_q0.5_r35,100,0.5,35,exact,3935,0.0,0.0009314999988419004
n100_q0.5_r36,100,0.5,36,density,3392,0.12958686168847833,0.0001858749965322204
n100_q0.5_r36,100,0.5,36,insertion,3884,0.0033358994098024123,0.0003927910001948476
n100_q0.5_r36,100,0.5,36,hybrid,3884,0.0033358994098024123,0.0006849579949630424
n100_q0.5_r36,100,0.5,36,exact,3897,0.0,0.0008940000043367036
n100_q0.5_r37,100,0.5,37,density,3720,0.10209992758870384,0.00018345900025451556
n100_q0.5_r37,100,0.5,37,insertion,4138,0.0012068549360366883,0.00040187500417232513
n100_q0.5_r37,100,0.5,37,hybrid,4138,0.0012068549360366883,0.0006659999999101274
n100_q0.5_r37,100,0.5,37,exact,4143,0.0,0.0008850840022205375
n100_q0.5_r38,100,0.5,38,density,3659,0.08479239619809904,0.00016770799993537366
n100_q0.5_r38,100,0.5,38,insertion,3992,0.0015007503751875938,0.0003569170003174804
n100_q0.5_r38,100,0.5,38,hybrid,3992,0.0015007503751875938,0.0006642080043093301
n100_q0.5_r38,100,0.5,38,exact,3998,0.0,0.0009040419972734526
n100_q0.5_r39,100,0.5,39,density,3556,0.08208569953536396,0.000192291998246219
n100_q0.5_r39,100,0.5,39,insertion,3847,0.006969540526587507,0.00041524999687680975
n100_q0.5_r39,100,0.5,39,hybrid,3847,0.006969540526587507,0.0006886670016683638
n100_q0.5_r39,100,0.5,39,exact,3874,0.0,0.0009166249947156757
n100_q0.75_r0,100,0.75,0,density,3669,0.18029490616621985,0.0001952499951585196
n100_q0.75_r0,100,0.75,0,insertion,4476,0.0,0.0004236669992678799
n100_q0.75_r0,100,0.75,0,hybrid,4476,0.0,0.0007511670046369545
n100_q0.75_r0,100,0.75,0,exact,4476,0.0,0.0014874580010655336
n100_q0.75_r1,100,0.75,1,density,3962,0.12111801242236025,0.000186333003512118
n100_q0.75_r1,100,0.75,1,insertion,4490,0.003992901508429458,0.00041412500286241993
n100_q0.75_r1,100,0.75,1,hybrid,4490,0.003992901508429458,0.0007632080014445819
n100_q0.75_r1,100,0.75,1,exact,4508,0.0,0.0012148750029155053
n100_q0.75_r2,100,0.75,2,density,4329,0.11490492741770598,0.00018379100220045075
n100_q0.75_r2,100,0.75,2,insertion,4880,0.0022490288284604375,0.0004327080023358576
n100_q0.75_r2,100,0.75,2,hybrid,4880,0.0022490288284604375,0.0007495840036426671
n100_q0.75_r2,100,0.75,2,exact,4891,0.0,0.0014362500005518086
n100_q0.75_r3,100,0.75,3,density,4012,0.14163457424047926,0.00017337499593850225
n100_q0.75_r3,100,0.75,3,insertion,4674,0.0,0.0004152080000494607
n100_q0.75_r3,100,0.75,3,hybrid,4674,0.0,0.0006871250006952323
n100_q0.75_r3,100,0.75,3,exact,4674,0.0,0.0013235840015113354
n100_q0.75_r4,100,0.75,4,density,4088,0.1660546715626275,0.00017504200513940305
n100_q0.75_r4,100,0.75,4,insertion,4902,0.0,0.0004039170016767457
n100_q0.75_r4,100,0.75,4,hybrid,4902,0.0,0.0007032500070636161
n100_q0.75_r4,100,0.75,4,exact,4902,0.0,0.0014936250008759089
n100_q0.75_r5,100,0.75,5,density,4094,0.13792377342598441,0.00017616699915379286
n100_q0.75_r5,100,0.75,5,insertion,4746,0.0006317119393556538,0.0004097499986528419
n100_q0.75_r5,100,0.75,5,hybrid,4746,0.0006317119393556538,0.0007033750007394701
n100_q0.75_r5,100,0.75,5,exact,4749,0.0,0.0012648749980144203
n100_q0.75_r6,100,0.75,6,density,4105,0.1743765084473049,0.00016891599807422608
n100_q0.75_r6,100,0.75,6,insertion,4969,0.0006033789219629927,0.0003950000027543865
n100_q0.75_r6,100,0.75,6,hybrid,4969,0.0006033789219629927,0.0006824169977335259
n100_q0.75_r6,100,0.75,6,exact,4972,0.0,0.001337374997092411
n100_q0.75_r7,100,0.75,7,density,4192,0.12684857321391377,0.00017545800074003637
n100_q0.75_r7,100,0.75,7,insertion,4792,0.0018746094563632577,0.00041408299875911325
n100_q0.75_r7,100,0.75,7,hybrid,4792,0.0018746094563632577,0.0006880419969093055
n100_q0.75_r7,100,0.75,7,exact,4801,0.0,0.0012952909964951687
n100_q0.75_r8,100,0.75,8,density,3793,0.12824638014249598,0.00017308299720752984
n100_q0.75_r8,100,0.75,8,insertion,4351,0.0,0.00045274999865796417
n100_q0.75_r8,100,0.75,8,hybrid,4351,0.0,0.0006813750005676411
n100_q0.75_r8,100,0.75,8,exact,4351,0.0,0.0013239160034572706
n100_q0.75_r9,100,0.75,9,density,4168,0.11167945439045183,0.000170209001225885
n100_q0.75_r9,100,0.75,9,insertion,4692,0.0,0.0003964159986935556
n100_q0.75_r9,100,0.75,9,hybrid,4692,0.0,0.0006906670023454353
n100_q0.75_r9,100,0.75,9,exact,4692,0.0,0.0012757080039591528
n100_q0.75_r10,100,0.75,10,density,4138,0.11919965942954448,0.0001871249987743795
n100_q0.75_r10,100,0.75,10,insertion,4690,0.0017028522775649213,0.0004211249979562126
n100_q0.75_r10,100,0.75,10,hybrid,4690,0.0017028522775649213,0.0007406660006381571
n100_q0.75_r10,100,0.75,10,exact,4698,0.0,0.001331874998868443
n100_q0.75_r11,100,0.75,11,density,3828,0.11532239426854633,0.00017016699712257832
n100_q0.75_r11,100,0.75,11,insertion,4316,0.002542177027963947,0.00038920800579944625
n100_q0.75_r11,100,0.75,11,hybrid,4316,0.002542177027963947,0.0006776250011171214
n100_q0.75_r11,100,0.75,11,exact,4327,0.0,0.0012855419990955852
n100_q0.75_r12,100,0.75,12,density,3868,0.14424778761061946,0.00016362500173272565
n100_q0.75_r12,100,0.75,12,insertion,4520,0.0,0.00039533300150651485
n100_q0.75_r12,100,0.75,12,hybrid,4520,0.0,0.0007128330034902319
n100_q0.75_r12,100,0.75,12,exact,4520,0.0,0.0013162920004106127
n100_q0.75_r13,100,0.75,13,density,4262,0.1590370955011839,0.00016858299932209775
n100_q0.75_r13,100,0.75,13,insertion,5068,0.0,0.0004175830035819672
n100_q0.75_r13,100,0.75,13,hybrid,5068,0.0,0.00077495799632743
n100_q0.75_r13,100,0.75,13,exact,5068,0.0,0.0013702080032089725
n100_q0.75_r14,100,0.75,14,density,4042,0.16797035817208728,0.00017395800387021154
n100_q0.75_r14,100,0.75,14,insertion,4854,0.0008233841086867024,0.0004261249996488914
n100_q0.75_r14,100,0.75,14,hybrid,4854,0.0008233841086867024,0.0007411659971694462
n100_q0.75_r14,100,0.75,14,exact,4858,0.0,0.0013055000017629936
n100_q0.75_r15,100,0.75,15,density,4161,0.1333055613413872,0.0001695829996606335
n100_q0.75_r15,100,0.75,15,insertion,4797,0.0008331597583836701,0.00039704099617665634
n100_q0.75_r15,100,0.75,15,hybrid,4797,0.0008331597583836701,0.0007319590004044585
n100_q0.75_r15,100,0.75,15,exact,4801,0.0,0.0013788340002065524
n100_q0.75_r16,100,0.75,16,density,4299,0.1064227811265849,0.00030479199631372467
n100_q0.75_r16,100,0.75,16,insertion,4811,0.0,0.0004611249969457276
n100_q0.75_r16,100,0.75,16,hybrid,4811,0.0,0.0007774999976390973
n100_q0.75_r16,100,0.75,16,exact,4811,0.0,0.0013805830021738075
n100_q0.75_r17,100,0.75,17,density,4144,0.13359816015053314,0.00018412500503472984
n100_q0.75_r17,100,0.75,17,insertion,4779,0.00083629521220991,0.0004202499985694885
n100_q0.75_r17,100,0.75,17,hybrid,4779,0.00083629521220991,0.0007189999960246496
n100_q0.75_r17,100,0.75,17,exact,4783,0.0,0.0011640000011539087
n100_q0.75_r18,100,0.75,18,density,4118,0.10536606560938519,0.00018287500279257074
n100_q0.75_r18,100,0.75,18,insertion,4601,0.00043449923962633063,0.0004008329997304827
n100_q0.75_r18,100,0.75,18,hybrid,4601,0.00043449923962633063,0.000708041996404063
n100_q0.75_r18,100,0.75,18,exact,4603,0.0,0.0015728340003988706
n100_q0.75_r19,100,0.75,19,density,3941,0.10917721518987342,0.00017924999701790512
n100_q0.75_r19,100,0.75,19,insertion,4420,0.0009041591320072332,0.0004008330070064403
n100_q0.75_r19,100,0.75,19,hybrid,4420,0.0009041591320072332,0.000680958000884857
n100_q0.75_r19,100,0.75,19,exact,4424,0.0,0.0013151249950169586
n100_q0.75_r20,100,0.75,20,density,3652,0.17692134324994366,0.00017074999777833
n100_q0.75_r20,100,0.75,20,insertion,4436,0.000225377507324769,0.0003918750007869676
n100_q0.75_r20,100,0.75,20,hybrid,4436,0.000225377507324769,0.0006746250001015142
n100_q0.75_r20,100,0.75,20,exact,4437,0.0,0.0013685829981113784
n100_q0.75_r21,100,0.75,21,density,4200,0.11783238815374922,0.000167582998983562
n100_q0.75_r21,100,0.75,21,insertion,4756,0.0010501995379122034,0.00039649999962421134
n100_q0.75_r21,100,0.75,21,hybrid,4756,0.0010501995379122034,0.0007506670008297078
n100_q0.75_r21,100,0.75,21,exact,4761,0.0,0.001367750002827961
n100_q0.75_r22,100,0.75,22,density,3820,0.16848062690465826,0.0001740000006975606
n100_q0.75_r22,100,0.75,22,insertion,4594,0.0,0.00044420800259104
n100_q0.75_r22,100,0.75,22,hybrid,4594,0.0,0.0007229589973576367
n100_q0.75_r22,100,0.75,22,exact,4594,0.0,0.001444084002287127
n100_q0.75_r23,100,0.75,23,density,3773,0.15724815724815724,0.0001727499984554015
n100_q0.75_r23,100,0.75,23,insertion,4469,0.0017869108778199687,0.0004009159965789877
n100_q0.75_r23,100,0.75,23,hybrid,4469,0.0017869108778199687,0.0007247079993248917
n100_q0.75_r23,100,0.75,23,exact,4477,0.0,0.0014645830015069805
n100_q0.75_r24,100,0.75,24,density,3851,0.12317850637522769,0.00018925000040326267
n100_q0.75_r24,100,0.75,24,insertion,4389,0.0006830601092896175,0.00040458300645696
n100_q0.75_r24,100,0.75,24,hybrid,4389,0.0006830601092896175,0.0006826250028098002
n100_q0.75_r24,100,0.75,24,exact,4392,0.0,0.0013868339956388809
n100_q0.75_r25,100,0.75,25,density,3953,0.16656124815517606,0.0001663329967414029
n100_q0.75_r25,100,0.75,25,insertion,4734,0.0018975332068311196,0.0004044579982291907
n100_q0.75_r25,100,0.75,25,hybrid,4734,0.0018975332068311196,0.0007005000006756745
n100_q0.75_r25,100,0.75,25,exact,4743,0.0,0.0014167499975883402
n100_q0.75_r26,100,0.75,26,density,4396,0.15510282529310013,0.00016470899572595954
n100_q0.75_r26,100,0.75,26,insertion,5203,0.0,0.0003973749990109354
n100_q0.75_r26,100,0.75,26,hybrid,5203,0.0,0.0006769169995095581
n100_q0.75_r26,100,0.75,26,exact,5203,0.0,0.001334500004304573
n100_q0.75_r27,100,0.75,27,density,4277,0.14970178926441352,0.00021554100385401398
n100_q0.75_r27,100,0.75,27,insertion,5026,0.0007952286282306163,0.00046149999980116263
n100_q0.75_r27,100,0.75,27,hybrid,5026,0.0007952286282306163,0.0007417500019073486
n100_q0.75_r27,100,0.75,27,exact,5030,0.0,0.0011892089969478548
n100_q0.75_r28,100,0.75,28,density,4263,0.1550049554013875,0.00017929099703906104
n100_q0.75_r28,100,0.75,28,insertion,5028,0.0033696729435084244,0.0003983749993494712
n100_q0.75_r28,100,0.75,28,hybrid,5028,0.0033696729435084244,0.0007042500001261942
n100_q0.75_r28,100,0.75,28,exact,5045,0.0,0.0013432500054477714
n100_q0.75_r29,100,0.75,29,density,4080,0.13320586360739325,0.00017558300169184804
n100_q0.75_r29,100,0.75,29,insertion,4707,0.0,0.00039766700501786545
n100_q0.75_r29,100,0.75,29,hybrid,4707,0.0,0.0007049170017126016
n100_q0.75_r29,100,0.75,29,exact,4707,0.0,0.0013372079993132502
n100_q0.75_r30,100,0.75,30,density,3912,0.1537962362102531,0.00019283300207462162
n100_q0.75_r30,100,0.75,30,insertion,4623,0.0,0.00039937499968800694
n100_q0.75_r30,100,0.75,30,hybrid,4623,0.0,0.0006749590029357933
n100_q0.75_r30,100,0.75,30,exact,4623,0.0,0.0012647499970626086
n100_q0.75_r31,100,0.75,31,density,3958,0.11750278706800446,0.00016787500499049202
n100_q0.75_r31,100,0.75,31,insertion,4484,0.0002229654403567447,0.0003946249998989515
n100_q0.75_r31,100,0.75,31,hybrid,4484,0.0002229654403567447,0.0006850829959148541
n100_q0.75_r31,100,0.75,31,exact,4485,0.0,0.0015747079960419796
n100_q0.75_r32,100,0.75,32,density,4381,0.11744560838033843,0.0001658749970374629
n100_q0.75_r32,100,0.75,32,insertion,4963,0.000201450443190975,0.00038804100040579215
n100_q0.75_r32,100,0.75,32,hybrid,4963,0.000201450443190975,0.0007946659970912151
n100_q0.75_r32,100,0.75,32,exact,4964,0.0,0.0014166250039124861
n100_q0.75_r33,100,0.75,33,density,3829,0.12858443331816113,0.0001690420031081885
n100_q0.75_r33,100,0.75,33,insertion,4390,0.0009103322712790169,0.00039495799865107983
n100_q0.75_r33,100,0.75,33,hybrid,4390,0.0009103322712790169,0.0006926669957465492
n100_q0.75_r33,100,0.75,33,exact,4394,0.0,0.001202999999804888
n100_q0.75_r34,100,0.75,34,density,3936,0.1613040698913275,0.00016862499614944682
n100_q0.75_r34,100,0.75,34,insertion,4693,0.0,0.00039187499351100996
n100_q0.75_r34,100,0.75,34,hybrid,4693,0.0,0.0007285419997060671
n100_q0.75_r34,100,0.75,34,exact,4693,0.0,0.0012872500010416843
n100_q0.75_r35,100,0.75,35,density,4403,0.13172944192466968,0.00017958300304599106
n100_q0.75_r35,100,0.75,35,insertion,5068,0.0005915992900808519,0.0004367500005173497
n100_q0.75_r35,100,0.75,35,hybrid,5068,0.0005915992900808519,0.000763625001127366
n100_q0.75_r35,100,0.75,35,exact,5071,0.0,0.0014076249935897067
n100_q0.75_r36,100,0.75,36,density,3987,0.12064402293780327,0.00017629200010560453
n100_q0.75_r36,100,0.75,36,insertion,4534,0.0,0.0004023749934276566
n100_q0.75_r36,100,0.75,36,hybrid,4534,0.0,0.000690124994434882
n100_q0.75_r36,100,0.75,36,exact,4534,0.0,0.0013355420014704578
n100_q0.75_r37,100,0.75,37,density,3992,0.15316079762409843,0.00017016600031638518
n100_q0.75_r37,100,0.75,37,insertion,4713,0.00021213406873143826,0.00039091600046958774
n100_q0.75_r37,100,0.75,37,hybrid,4713,0.00021213406873143826,0.0007437499953084625
n100_q0.75_r37,100,0.75,37,exact,4714,0.0,0.0014039579982636496
n100_q0.75_r38,100,0.75,38,density,3873,0.14541041482789055,0.0002027080045081675
n100_q0.75_r38,100,0.75,38,insertion,4532,0.0,0.0004634580036508851
n100_q0.75_r38,100,0.75,38,hybrid,4532,0.0,0.0007167499934439547
n100_q0.75_r38,100,0.75,38,exact,4532,0.0,0.0012381670021568425
n100_q0.75_r39,100,0.75,39,density,4057,0.15161020493517358,0.00017033400217769668
n100_q0.75_r39,100,0.75,39,insertion,4779,0.0006273525721455458,0.0004071669973200187
n100_q0.75_r39,100,0.75,39,hybrid,4779,0.0006273525721455458,0.0006930829986231402
n100_q0.75_r39,100,0.75,39,exact,4782,0.0,0.0013331669979379512
n100_q1.0_r0,100,1.0,0,density,4295,0.11806981519507187,0.0001650420017540455
n100_q1.0_r0,100,1.0,0,insertion,4870,0.0,0.00041608299943618476
n100_q1.0_r0,100,1.0,0,hybrid,4870,0.0,0.0007013330032350495
n100_q1.0_r0,100,1.0,0,exact,4870,0.0,0.0018298340000910684
n100_q1.0_r1,100,1.0,1,density,4299,0.11085832471561531,0.00017933300114236772
n100_q1.0_r1,100,1.0,1,insertion,4833,0.0004136504653567735,0.00042862499685725197
n100_q1.0_r1,100,1.0,1,hybrid,4833,0.0004136504653567735,0.0007598750016768463
n100_q1.0_r1,100,1.0,1,exact,4835,0.0,0.0017097919990192167
n100_q1.0_r2,100,1.0,2,density,3750,0.11514865502595564,0.00016879200120456517
n100_q1.0_r2,100,1.0,2,insertion,4237,0.00023596035865974517,0.00041479199717286974
n100_q1.0_r2,100,1.0,2,hybrid,4237,0.00023596035865974517,0.0008099580009002239
n100_q1.0_r2,100,1.0,2,exact,4238,0.0,0.0016491250062244944
n100_q1.0_r3,100,1.0,3,density,4544,0.11886755865813457,0.00019087499822489917
n100_q1.0_r3,100,1.0,3,insertion,5157,0.0,0.000410166998335626
n100_q1.0_r3,100,1.0,3,hybrid,5157,0.0,0.0007150000019464642
n100_q1.0_r3,100,1.0,3,exact,5157,0.0,0.0015606250017299317
n100_q1.0_r4,100,1.0,4,density,4163,0.11331203407880724,0.00016604199481662363
n100_q1.0_r4,100,1.0,4,insertion,4694,0.00021299254526091586,0.0004076250042999163
n100_q1.0_r4,100,1.0,4,hybrid,4694,0.00021299254526091586,0.0007170829994720407
n100_q1.0_r4,100,1.0,4,exact,4695,0.0,0.0017818339983932674
n100_q1.0_r5,100,1.0,5,density,4536,0.12280023206343067,0.00017033400217769668
n100_q1.0_r5,100,1.0,5,insertion,5171,0.0,0.0004163330013398081
n100_q1.0_r5,100,1.0,5,hybrid,5171,0.0,0.0008286669981316663
n100_q1.0_r5,100,1.0,5,exact,5171,0.0,0.001620166003704071
n100_q1.0_r6,100,1.0,6,density,4171,0.14176954732510288,0.00016799999866634607
n100_q1.0_r6,100,1.0,6,insertion,4860,0.0,0.000410166998335626
n100_q1.0_r6,100,1.0,6,hybrid,4860,0.0,0.0007510840005124919
n100_q1.0_r6,100,1.0,6,exact,4860,0.0,0.0017178330017486587
n100_q1.0_r7,100,1.0,7,density,4707,0.14231049562682216,0.00016791599773569033
n100_q1.0_r7,100,1.0,7,insertion,5488,0.0,0.0004105000043637119
n100_q1.0_r7,100,1.0,7,hybrid,5488,0.0,0.0007196670048870146
n100_q1.0_r7,100,1.0,7,exact,5488,0.0,0.0019190000020898879
n100_q1.0_r8,100,1.0,8,density,4617,0.11889312977099237,0.00016999999934341758
n100_q1.0_r8,100,1.0,8,insertion,5240,0.0,0.00042270799895050004
n100_q1.0_r8,100,1.0,8,hybrid,5240,0.0,0.000720957999874372
n100_q1.0_r8,100,1.0,8,exact,5240,0.0,0.0017727079975884408
n100_q1.0_r9,100,1.0,9,density,4246,0.10591703516529796,0.0001667500037001446
n100_q1.0_r9,100,1.0,9,insertion,4749,0.0,0.00041537500510457903
n100_q1.0_r9,100,1.0,9,hybrid,4749,0.0,0.0007289169952855445
n100_q1.0_r9,100,1.0,9,exact,4749,0.0,0.001524042003438808
n100_q1.0_r10,100,1.0,10,density,4208,0.13682051282051283,0.00017504199786344543
n100_q1.0_r10,100,1.0,10,insertion,4875,0.0,0.00047845899825915694
n100_q1.0_r10,100,1.0,10,hybrid,4875,0.0,0.0007804589986335486
n100_q1.0_r10,100,1.0,10,exact,4875,0.0,0.0019132500019622967
n100_q1.0_r11,100,1.0,11,density,4497,0.12322090076038214,0.00019279099797131494
n100_q1.0_r11,100,1.0,11,insertion,5129,0.0,0.0004409579996718094
n100_q1.0_r11,100,1.0,11,hybrid,5129,0.0,0.0007517499980167486
n100_q1.0_r11,100,1.0,11,exact,5129,0.0,0.0017492500046500936
n100_q1.0_r12,100,1.0,12,density,4536,0.14576271186440679,0.00017433299944968894
n100_q1.0_r12,100,1.0,12,insertion,5307,0.0005649717514124294,0.0004126659987377934
n100_q1.0_r12,100,1.0,12,hybrid,5307,0.0005649717514124294,0.0007793750046403147
n100_q1.0_r12,100,1.0,12,exact,5310,0.0,0.0025512919964967296
n100_q1.0_r13,100,1.0,13,density,4163,0.11707317073170732,0.00022175000049173832
n100_q1.0_r13,100,1.0,13,insertion,4715,0.0,0.0005329580017132685
n100_q1.0_r13,100,1.0,13,hybrid,4715,0.0,0.0009275410047848709
n100_q1.0_r13,100,1.0,13,exact,4715,0.0,0.0023918749939184636
n100_q1.0_r14,100,1.0,14,density,4447,0.1244339436897027,0.00021179099712753668
n100_q1.0_r14,100,1.0,14,insertion,5079,0.0,0.0004903750013909303
n100_q1.0_r14,100,1.0,14,hybrid,5079,0.0,0.0008191669985535555
n100_q1.0_r14,100,1.0,14,exact,5079,0.0,0.002049333998002112
n100_q1.0_r15,100,1.0,15,density,4023,0.14766949152542372,0.00017495900101494044
n100_q1.0_r15,100,1.0,15,insertion,4720,0.0,0.0004341669991845265
n100_q1.0_r15,100,1.0,15,hybrid,4720,0.0,0.0007556249984190799
n100_q1.0_r15,100,1.0,15,exact,4720,0.0,0.002132333996996749
n100_q1.0_r16,100,1.0,16,density,4014,0.15370018975332067,0.00016987499839160591
n100_q1.0_r16,100,1.0,16,insertion,4743,0.0,0.0004192910055280663
n100_q1.0_r16,100,1.0,16,hybrid,4743,0.0,0.0007365839992417023
n100_q1.0_r16,100,1.0,16,exact,4743,0.0,0.0017844169997260906
n100_q1.0_r17,100,1.0,17,density,4376,0.11381125961927906,0.0001709159987512976
n100_q1.0_r17,100,1.0,17,insertion,4938,0.0,0.0004108749999431893
n100_q1.0_r17,100,1.0,17,hybrid,4938,0.0,0.0007472500001313165
n100_q1.0_r17,100,1.0,17,exact,4938,0.0,0.0017474999986006878
n100_q1.0_r18,100,1.0,18,density,4705,0.08498638661999222,0.00016733300435589626
n100_q1.0_r18,100,1.0,18,insertion,5142,0.0,0.0004025000016554259
n100_q1.0_r18,100,1.0,18,hybrid,5142,0.0,0.0007282079968717881
n100_q1.0_r18,100,1.0,18,exact,5142,0.0,0.0019834999984595925
n100_q1.0_r19,100,1.0,19,density,4506,0.11716300940438872,0.0002262920024804771
n100_q1.0_r19,100,1.0,19,insertion,5104,0.0,0.0005532079958356917
n100_q1.0_r19,100,1.0,19,hybrid,5104,0.0,0.0007274999952642247
n100_q1.0_r19,100,1.0,19,exact,5104,0.0,0.001725250003801193
n100_q1.0_r20,100,1.0,20,density,4535,0.10516969218626677,0.00016395800048485398
n100_q1.0_r20,100,1.0,20,insertion,5067,0.0001973164956590371,0.0004048750051879324
n100_q1.0_r20,100,1.0,20,hybrid,5067,0.0001973164956590371,0.0007395420034299605
n100_q1.0_r20,100,1.0,20,exact,5068,0.0,0.002433209003356751
n100_q1.0_r21,100,1.0,21,density,4230,0.15535143769968052,0.00021141600154805928
n100_q1.0_r21,100,1.0,21,insertion,5008,0.0,0.0004989170047338121
n100_q1.0_r21,100,1.0,21,hybrid,5008,0.0,0.0008624170004623011
n100_q1.0_r21,100,1.0,21,exact,5008,0.0,0.0019150829975842498
n100_q1.0_r22,100,1.0,22,density,4304,0.1431415488751742,0.00017079200188163668
n100_q1.0_r22,100,1.0,22,insertion,5023,0.0,0.0004101250015082769
n100_q1.0_r22,100,1.0,22,hybrid,5023,0.0,0.0007162920010159723
n100_q1.0_r22,100,1.0,22,exact,5023,0.0,0.0017708750019664876
n100_q1.0_r23,100,1.0,23,density,4661,0.1619920891765552,0.0001638329995330423
n100_q1.0_r23,100,1.0,23,insertion,5562,0.0,0.0004906250032945536
n100_q1.0_r23,100,1.0,23,hybrid,5562,0.0,0.0007984159965417348
n100_q1.0_r23,100,1.0,23,exact,5562,0.0,0.0017403749952791259
n100_q1.0_r24,100,1.0,24,density,4923,0.12557726465364122,0.0001936249973368831
n100_q1.0_r24,100,1.0,24,insertion,5630,0.0,0.0004236250024405308
n100_q1.0_r24,100,1.0,24,hybrid,5630,0.0,0.000774874999478925
n100_q1.0_r24,100,1.0,24,exact,5630,0.0,0.0017157909969682805
n100_q1.0_r25,100,1.0,25,density,4215,0.1105718506013927,0.00018620800256030634
n100_q1.0_r25,100,1.0,25,insertion,4739,0.0,0.00044541699753608555
n100_q1.0_r25,100,1.0,25,hybrid,4739,0.0,0.0007921249998616986
n100_q1.0_r25,100,1.0,25,exact,4739,0.0,0.001924457996210549
n100_q1.0_r26,100,1.0,26,density,4320,0.14843287995269072,0.00019512500148266554
n100_q1.0_r26,100,1.0,26,insertion,5073,0.0,0.0004391249967738986
n100_q1.0_r26,100,1.0,26,hybrid,5073,0.0,0.0007976249980856664
n100_q1.0_r26,100,1.0,26,exact,5073,0.0,0.0019717920004040934
n100_q1.0_r27,100,1.0,27,density,4440,0.11799761620977355,0.00019220900139771402
n100_q1.0_r27,100,1.0,27,insertion,5034,0.0,0.00043775000085588545
n100_q1.0_r27,100,1.0,27,hybrid,5034,0.0,0.000771250000980217
n100_q1.0_r27,100,1.0,27,exact,5034,0.0,0.0017528340031276457
n100_q1.0_r28,100,1.0,28,density,4739,0.0985352862849534,0.00017554200167069212
n100_q1.0_r28,100,1.0,28,insertion,5257,0.0,0.0004748330029542558
n100_q1.0_r28,100,1.0,28,hybrid,5257,0.0,0.0007629589963471517
n100_q1.0_r28,100,1.0,28,exact,5257,0.0,0.001688582997303456
n100_q1.0_r29,100,1.0,29,density,4681,0.09335657563432113,0.00017195899999933317
n100_q1.0_r29,100,1.0,29,insertion,5162,0.0001936858415649816,0.00041966699791373685
n100_q1.0_r29,100,1.0,29,hybrid,5162,0.0001936858415649816,0.0007443330032401718
n100_q1.0_r29,100,1.0,29,exact,5163,0.0,0.0016706669994164258
n100_q1.0_r30,100,1.0,30,density,4376,0.1249750049990002,0.00026479199732420966
n100_q1.0_r30,100,1.0,30,insertion,5001,0.0,0.00044049999996786937
n100_q1.0_r30,100,1.0,30,hybrid,5001,0.0,0.0007803330008755438
n100_q1.0_r30,100,1.0,30,exact,5001,0.0,0.0016236669980571605
n100_q1.0_r31,100,1.0,31,density,5055,0.11424566322060627,0.00016950000281212851
n100_q1.0_r31,100,1.0,31,insertion,5706,0.00017522340984755565,0.00044087499554734677
n100_q1.0_r31,100,1.0,31,hybrid,5706,0.00017522340984755565,0.0007187079972936772
n100_q1.0_r31,100,1.0,31,exact,5707,0.0,0.0018667919939616695
n100_q1.0_r32,100,1.0,32,density,4211,0.1695917964898442,0.00017395799659425393
n100_q1.0_r32,100,1.0,32,insertion,5071,0.0,0.0004125420018681325
n100_q1.0_r32,100,1.0,32,hybrid,5071,0.0,0.0010337080020690337
n100_q1.0_r32,100,1.0,32,exact,5071,0.0,0.0016709169940440916
n100_q1.0_r33,100,1.0,33,density,4755,0.08310836868492094,0.00017174999811686575
n100_q1.0_r33,100,1.0,33,insertion,5186,0.0,0.0004333749966463074
n100_q1.0_r33,100,1.0,33,hybrid,5186,0.0,0.0007373750049737282
n100_q1.0_r33,100,1.0,33,exact,5186,0.0,0.0014090420008869842
n100_q1.0_r34,100,1.0,34,density,4267,0.1293613548255458,0.0001727499984554015
n100_q1.0_r34,100,1.0,34,insertion,4901,0.0,0.0004151250032009557
n100_q1.0_r34,100,1.0,34,hybrid,4901,0.0,0.0007367090001935139
n100_q1.0_r34,100,1.0,34,exact,4901,0.0,0.002027416994678788
n100_q1.0_r35,100,1.0,35,density,4547,0.1407785336356765,0.00017558299441589043
n100_q1.0_r35,100,1.0,35,insertion,5292,0.0,0.00041720899753272533
n100_q1.0_r35,100,1.0,35,hybrid,5292,0.0,0.0007152920006774366
n100_q1.0_r35,100,1.0,35,exact,5292,0.0,0.0016816669958643615
n100_q1.0_r36,100,1.0,36,density,4119,0.12584889643463498,0.0001666249954723753
n100_q1.0_r36,100,1.0,36,insertion,4712,0.0,0.00040579200140200555
n100_q1.0_r36,100,1.0,36,hybrid,4712,0.0,0.0007179579988587648
n100_q1.0_r36,100,1.0,36,exact,4712,0.0,0.001708832998701837
n100_q1.0_r37,100,1.0,37,density,4572,0.07110930516050386,0.00016691700147930533
n100_q1.0_r37,100,1.0,37,insertion,4922,0.0,0.0005988330012769438
n100_q1.0_r37,100,1.0,37,hybrid,4922,0.0,0.0007488339979317971
n100_q1.0_r37,100,1.0,37,exact,4922,0.0,0.0016545000034966506
n100_q1.0_r38,100,1.0,38,density,4750,0.12539127232553857,0.00016737499390728772
n100_q1.0_r38,100,1.0,38,insertion,5431,0.0,0.00041195799713023007
n100_q1.0_r38,100,1.0,38,hybrid,5431,0.0,0.0007157919972087257
n100_q1.0_r38,100,1.0,38,exact,5431,0.0,0.0018313330001547001
n100_q1.0_r39,100,1.0,39,density,4334,0.11713179873701365,0.0001657920001889579
n100_q1.0_r39,100,1.0,39,insertion,4909,0.0,0.0004079999998793937
n100_q1.0_r39,100,1.0,39,hybrid,4909,0.0,0.0007716670006630011
n100_q1.0_r39,100,1.0,39,exact,4909,0.0,0.001917542002047412
