{
  "version": "3.3.0-rc.1",
  "generated_at": "2026-10-01T15:55:19.334422+00:00",
  "tests_run": 610,
  "failures": 29,
  "errors": 4,
  "skipped": 0,
  "passed": false,
  "groups": {
    "test_architecture": 86,
    "test_computational_routes": 10,
    "test_integration": 78,
    "test_lean": 57,
    "test_package_identity": 3,
    "test_pdf_extract": 2,
    "test_portability": 49,
    "test_quality31": 69,
    "test_release": 57,
    "test_research_tools": 18,
    "test_result_links": 59,
    "test_suite": 121
  },
  "platform": "Darwin",
  "architecture": "arm64",
  "python": "3.9.6",
  "scope": "Local software regression. HTTP/source responses are synthetic fixtures unless separately reported.",
  "native_agent_behavior_evaluated": false,
  "real_paper_lifecycle_tested": false,
  "macos_native_tested": true
}
test_actual_report_reference_satisfies_record_contract_only (test_architecture.AcceptanceTests) ... ok
test_another_task_version_rejected (test_architecture.AcceptanceTests) ... ok
test_deterministic_check_not_visual_observation (test_architecture.AcceptanceTests) ... ok
test_empty_output_rejected (test_architecture.AcceptanceTests) ... ok
test_evidence_mismatch_rejects_full_text_claim (test_architecture.AcceptanceTests) ... ok
test_failed_execution_is_not_complete (test_architecture.AcceptanceTests) ... ok
test_input_write_in_review_detected (test_architecture.AcceptanceTests) ... ok
test_missing_output_role_not_complete (test_architecture.AcceptanceTests) ... ok
test_missing_required_review_stays_pending (test_architecture.AcceptanceTests) ... ok
test_missing_review_report_rejected (test_architecture.AcceptanceTests) ... ok
test_old_review_version_rejected (test_architecture.AcceptanceTests) ... ok
test_output_path_escape_rejected (test_architecture.AcceptanceTests) ... ok
test_output_tamper_rejected (test_architecture.AcceptanceTests) ... ok
test_planned_is_not_execution (test_architecture.AcceptanceTests) ... ok
test_required_review_cannot_be_waived_in_return (test_architecture.AcceptanceTests) ... ok
test_unrelated_capability_rejected (test_architecture.AcceptanceTests) ... ok
test_valid_files_are_contract_checked_not_science_certified (test_architecture.AcceptanceTests) ... ok
test_current_policy_record_can_pass_without_claiming_web_read (test_architecture.EvidenceTests) ... ok
test_empty_reading_claim_no_vacuous_pass (test_architecture.EvidenceTests) ... ok
test_future_policy_check_rejected (test_architecture.EvidenceTests) ... ok
test_repeated_retained_attempt_ids_rejected (test_architecture.EvidenceTests) ... ok
test_stale_policy_record_flagged (test_architecture.EvidenceTests) ... ok
test_unknown_policy_not_forced_to_fake_fact (test_architecture.EvidenceTests) ... ok
test_unknown_reading_level_rejected (test_architecture.EvidenceTests) ... ok
test_budget_exhausted_not_restart (test_architecture.GraphTests) ... ok
test_changed_output_invalidates_consumers (test_architecture.GraphTests) ... ok
test_cycle_rejected (test_architecture.GraphTests) ... ok
test_figure_change_does_not_repeat_upstream_analysis (test_architecture.GraphTests) ... ok
test_forged_completed_state_without_outputs_rejected (test_architecture.GraphTests) ... ok
test_missing_dependency_rejected (test_architecture.GraphTests) ... ok
test_only_requested_single_task_graph (test_architecture.GraphTests) ... ok
test_receipt_for_other_output_cannot_reuse (test_architecture.GraphTests) ... ok
test_result_change_invalidates_descendants_not_unrelated (test_architecture.GraphTests) ... ok
test_revision_conflict_rejected (test_architecture.GraphTests) ... ok
test_skipped_dependency_does_not_supply_evidence (test_architecture.GraphTests) ... ok
test_unchecked_files_not_reusable (test_architecture.GraphTests) ... ok
test_valid_previous_output_reused (test_architecture.GraphTests) ... ok
test_write_overlap_reported_without_spawning (test_architecture.GraphTests) ... ok
test_arbitrary_skill_folder_name_supported (test_architecture.InspectionTests) ... ok
test_digest_binding_cannot_be_overridden_by_legacy_boolean (test_architecture.InspectionTests) ... ok
test_digest_bound_entry_review_supported (test_architecture.InspectionTests) ... ok
test_installed_missing_shared_dependency_not_faked (test_architecture.InspectionTests) ... ok
test_installed_skill_with_shared_sibling (test_architecture.InspectionTests) ... ok
test_legacy_flag_is_explicitly_labelled (test_architecture.InspectionTests) ... ok
test_request_changes_invalidate_handoff (test_architecture.InspectionTests) ... ok
test_disabled_provider_never_chosen (test_architecture.OperationTests) ... ok
test_duplicate_output_roles_rejected (test_architecture.OperationTests) ... ok
test_figure_plan_does_not_require_a_plotting_backend (test_architecture.OperationTests) ... ok
test_figure_review_does_not_require_data_or_python (test_architecture.OperationTests) ... ok
test_independent_module_rejects_other_capability (test_architecture.OperationTests) ... ok
test_method_plan_without_python (test_architecture.OperationTests) ... ok
test_plot_is_not_completed_by_profile_function (test_architecture.OperationTests) ... ok
test_preference_cannot_override_missing_data (test_architecture.OperationTests) ... ok
test_preference_explicitly_enables_nondefault_candidate (test_architecture.OperationTests) ... ok
test_profile_uses_function_not_full_plot_workflow (test_architecture.OperationTests) ... ok
test_stage3_cannot_leak_through_explicit_preference (test_architecture.OperationTests) ... ok
test_table_not_sent_to_pure_plotter (test_architecture.OperationTests) ... ok
test_unknown_capability_rejected (test_architecture.OperationTests) ... ok
test_unknown_service_is_not_silently_promoted (test_architecture.OperationTests) ... ok
test_analysis_execution_portable_receipt (test_architecture.StandaloneAcceptanceTests) ... ok
test_citation_audit_portable_receipt (test_architecture.StandaloneAcceptanceTests) ... ok
test_data_discovery_portable_receipt (test_architecture.StandaloneAcceptanceTests) ... ok
test_data_preparation_portable_receipt (test_architecture.StandaloneAcceptanceTests) ... ok
test_ethics_protocol_portable_receipt (test_architecture.StandaloneAcceptanceTests) ... ok
test_journal_intelligence_portable_receipt (test_architecture.StandaloneAcceptanceTests) ... ok
test_literature_discovery_portable_receipt (test_architecture.StandaloneAcceptanceTests) ... ok
test_manuscript_review_portable_receipt (test_architecture.StandaloneAcceptanceTests) ... ok
test_manuscript_writing_portable_receipt (test_architecture.StandaloneAcceptanceTests) ... ok
test_paper_deep_reading_portable_receipt (test_architecture.StandaloneAcceptanceTests) ... ok
test_peer_review_response_portable_receipt (test_architecture.StandaloneAcceptanceTests) ... ok
test_publication_stewardship_portable_receipt (test_architecture.StandaloneAcceptanceTests) ... ok
test_research_design_portable_receipt (test_architecture.StandaloneAcceptanceTests) ... ok
test_research_intake_portable_receipt (test_architecture.StandaloneAcceptanceTests) ... ok
test_research_paper_workflow_portable_receipt (test_architecture.StandaloneAcceptanceTests) ... ok
test_robustness_reproducibility_portable_receipt (test_architecture.StandaloneAcceptanceTests) ... ok
test_scientific_visualization_portable_receipt (test_architecture.StandaloneAcceptanceTests) ... ok
test_submission_packaging_portable_receipt (test_architecture.StandaloneAcceptanceTests) ... ok
test_topic_novelty_portable_receipt (test_architecture.StandaloneAcceptanceTests) ... ok
test_30_writing_steps_preserved (test_architecture.WorkerAndBuildTests) ... ok
test_all_19_scientific_protocol_sections_retained (test_architecture.WorkerAndBuildTests) ... ok
test_core_no_fixed_agents_runtime (test_architecture.WorkerAndBuildTests) ... ok
test_generation_drift_detectable (test_architecture.WorkerAndBuildTests) ... ok
test_generation_is_clean (test_architecture.WorkerAndBuildTests) ... ok
test_old_search_signature_without_unused_dates (test_architecture.WorkerAndBuildTests) ... ok
test_requested_unsupported_date_does_not_silently_drop (test_architecture.WorkerAndBuildTests) ... ok
test_upstream_dataclass_module_import (test_architecture.WorkerAndBuildTests) ... ok
test_catalog_routes_preserve_profiles_and_resolve_reference (test_computational_routes.ComputationalRoutesTests) ... ok
test_direction_without_data_advances_to_real_material_acquisition (test_computational_routes.ComputationalRoutesTests) ... ok
test_equivalent_predictions_and_failed_method_produce_constructive_actions (test_computational_routes.ComputationalRoutesTests) ... ok
test_existing_data_and_theory_do_not_trigger_data_search (test_computational_routes.ComputationalRoutesTests) ... ok
test_explicit_route_keeps_evidence_requirement_and_unknown_routes (test_computational_routes.ComputationalRoutesTests) ... ok
test_human_collection_becomes_digital_question_without_relabeling_type (test_computational_routes.ComputationalRoutesTests) ... ok
test_local_edit_and_journal_match_keep_scope (test_computational_routes.ComputationalRoutesTests) ... ok
test_malformed_dimensions_are_rejected (test_computational_routes.ComputationalRoutesTests) ... ok
test_missing_sources_and_constructed_simulation_get_distinct_next_steps (test_computational_routes.ComputationalRoutesTests) ... ok
test_six_dimensions_and_legacy_inputs_stay_separate (test_computational_routes.ComputationalRoutesTests) ... ok
test_crash_zero_is_not_best_metric (test_integration.AdapterAndEvidenceTests) ... ok
test_discarded_attempt_not_selected_as_final (test_integration.AdapterAndEvidenceTests) ... ok
test_empty_request_invalid_function_args (test_integration.AdapterAndEvidenceTests) ... ok
test_empty_source_does_not_prove_no_literature (test_integration.AdapterAndEvidenceTests) ... ok
test_failed_attempt_not_discarded_from_log (test_integration.AdapterAndEvidenceTests) ... ok
test_failed_metric_null_log_can_pass_structure (test_integration.AdapterAndEvidenceTests) ... ok
test_figure_actual_result_mapping (test_integration.AdapterAndEvidenceTests) ... ok
test_figure_boolean_not_numeric (test_integration.AdapterAndEvidenceTests) ... ok
test_figure_rounding_explicit (test_integration.AdapterAndEvidenceTests) ... ok
test_figure_tampered_source_fails (test_integration.AdapterAndEvidenceTests) ... ok
test_figure_wrong_unit_fails (test_integration.AdapterAndEvidenceTests) ... ok
test_figure_wrong_value_fails (test_integration.AdapterAndEvidenceTests) ... ok
test_malformed_paper_not_silently_dropped (test_integration.AdapterAndEvidenceTests) ... ok
test_missing_attempt_status_not_passed (test_integration.AdapterAndEvidenceTests) ... ok
test_modified_input_is_reported (test_integration.AdapterAndEvidenceTests) ... ok
test_native_provider_has_no_fake_call_api (test_integration.AdapterAndEvidenceTests) ... ok
test_network_denied_before_execution (test_integration.AdapterAndEvidenceTests) ... ok
test_reading_abstract_cannot_be_full_text (test_integration.AdapterAndEvidenceTests) ... ok
test_reading_legitimate_abstract_only (test_integration.AdapterAndEvidenceTests) ... ok
test_reading_needs_locator (test_integration.AdapterAndEvidenceTests) ... ok
test_recall_quarantined (test_integration.AdapterAndEvidenceTests) ... ok
test_scipilot_adapter_stub_and_null_semantics (test_integration.AdapterAndEvidenceTests) ... ok
test_script_drift_requires_actual_review (test_integration.AdapterAndEvidenceTests) ... ok
test_search_adapter_calls_function_in_real_subprocess_with_stub (test_integration.AdapterAndEvidenceTests) ... ok
test_search_schema_keeps_abstract_not_read (test_integration.AdapterAndEvidenceTests) ... ok
test_subprocess_failure_retained (test_integration.AdapterAndEvidenceTests) ... ok
test_timeout_receipt_is_not_success (test_integration.AdapterAndEvidenceTests) ... ok
test_unknown_search_envelope_rejected (test_integration.AdapterAndEvidenceTests) ... ok
test_analysis_execution_provider_independence (test_integration.IsolatedProviderTests) ... ok
test_citation_audit_provider_independence (test_integration.IsolatedProviderTests) ... ok
test_data_discovery_provider_independence (test_integration.IsolatedProviderTests) ... ok
test_data_preparation_provider_independence (test_integration.IsolatedProviderTests) ... ok
test_ethics_protocol_provider_independence (test_integration.IsolatedProviderTests) ... ok
test_journal_intelligence_provider_independence (test_integration.IsolatedProviderTests) ... ok
test_literature_discovery_provider_independence (test_integration.IsolatedProviderTests) ... ok
test_manuscript_review_provider_independence (test_integration.IsolatedProviderTests) ... ok
test_manuscript_writing_provider_independence (test_integration.IsolatedProviderTests) ... ok
test_paper_deep_reading_provider_independence (test_integration.IsolatedProviderTests) ... ok
test_peer_review_response_provider_independence (test_integration.IsolatedProviderTests) ... ok
test_publication_stewardship_provider_independence (test_integration.IsolatedProviderTests) ... ok
test_research_design_provider_independence (test_integration.IsolatedProviderTests) ... ok
test_research_intake_provider_independence (test_integration.IsolatedProviderTests) ... ok
test_research_paper_workflow_provider_independence (test_integration.IsolatedProviderTests) ... ok
test_robustness_reproducibility_provider_independence (test_integration.IsolatedProviderTests) ... ok
test_scientific_visualization_provider_independence (test_integration.IsolatedProviderTests) ... ok
test_submission_packaging_provider_independence (test_integration.IsolatedProviderTests) ... ok
test_topic_novelty_provider_independence (test_integration.IsolatedProviderTests) ... ok
test_14_sources_13_repos (test_integration.ProviderPolicyTests) ... ok
test_analysis_no_data_no_fake_execution (test_integration.ProviderPolicyTests) ... ok
test_core_search_no_subagents (test_integration.ProviderPolicyTests) ... ok
test_every_provider_is_from_project_sources (test_integration.ProviderPolicyTests) ... ok
test_generated_figures_not_forced_for_literature (test_integration.ProviderPolicyTests) ... ok
test_handoff_existing_dir_rejected (test_integration.ProviderPolicyTests) ... ok
test_handoff_keeps_original_request (test_integration.ProviderPolicyTests) ... ok
test_handoff_no_execution (test_integration.ProviderPolicyTests) ... ok
test_human_verification_not_assumed (test_integration.ProviderPolicyTests) ... ok
test_input_changes_invalidate_handoff (test_integration.ProviderPolicyTests) ... ok
test_installed_candidates_do_not_all_execute (test_integration.ProviderPolicyTests) ... ok
test_journal_only_never_runs_other_capabilities (test_integration.ProviderPolicyTests) ... ok
test_method_planning_does_not_require_collected_data (test_integration.ProviderPolicyTests) ... ok
test_missing_declared_dependency_not_available (test_integration.ProviderPolicyTests) ... ok
test_missing_provider_falls_back (test_integration.ProviderPolicyTests) ... ok
test_namespaced_unique_ids (test_integration.ProviderPolicyTests) ... ok
test_native_fixed_subagent_condition_cannot_be_faked (test_integration.ProviderPolicyTests) ... ok
test_no_data_no_generated_empirical_values (test_integration.ProviderPolicyTests) ... ok
test_nonexistent_input_not_prepared (test_integration.ProviderPolicyTests) ... ok
test_path_traversal_rejected (test_integration.ProviderPolicyTests) ... ok
test_phase2_explicit_bounded_without_subagents (test_integration.ProviderPolicyTests) ... ok
test_phase2_not_default (test_integration.ProviderPolicyTests) ... ok
test_phase2_without_stop_condition_not_selected (test_integration.ProviderPolicyTests) ... ok
test_provider_dependency_changes_invalidate_handoff (test_integration.ProviderPolicyTests) ... ok
test_read_only_chart_review_not_blocked_as_generation (test_integration.ProviderPolicyTests) ... ok
test_reference_is_not_executor (test_integration.ProviderPolicyTests) ... ok
test_source_drift_needs_review (test_integration.ProviderPolicyTests) ... ok
test_theoretical_executable_model_allowed (test_integration.ProviderPolicyTests) ... ok
test_third_phase_requires_actual_task (test_integration.ProviderPolicyTests) ... ok
test_unverified_results_flagged_not_fabricated (test_integration.ProviderPolicyTests) ... ok
test_user_preference_when_eligible (test_integration.ProviderPolicyTests) ... ok
test_active_markdown_links_resolve_locally (test_lean.LeanDefaults) ... ok
test_autonomy_explicit_without_data_fabrication (test_lean.LeanDefaults) ... ok
test_compatible_minimum_versions_merge (test_lean.LeanDefaults) ... ok
test_default_export_is_short (test_lean.LeanDefaults) ... ok
test_entries_short_and_do_not_load_universe (test_lean.LeanDefaults) ... ok
test_focused_entry_does_not_require_admin_ledger (test_lean.LeanDefaults) ... ok
test_forward_compatible_custom_operation (test_lean.LeanDefaults) ... ok
test_full_export_preserves_30_steps (test_lean.LeanDefaults) ... ok
test_important_negative_results_preserved_in_reference (test_lean.LeanDefaults) ... ok
test_named_dependency_count_is_not_artificial_cap (test_lean.LeanDefaults) ... ok
test_no_runtime_static_provider_whitelist (test_lean.LeanDefaults) ... ok
test_no_static_provider_cards_in_active_skills (test_lean.LeanDefaults) ... ok
test_pin_below_minimum_rejected (test_lean.LeanDefaults) ... ok
test_pin_meeting_minimum_merges (test_lean.LeanDefaults) ... ok
test_plain_journal_task_needs_no_statistics (test_lean.LeanDefaults) ... ok
test_reading_still_requires_actual_figure_observation (test_lean.LeanDefaults) ... ok
test_reverse_order_pin_meeting_minimum_merges (test_lean.LeanDefaults) ... ok
test_sources_are_unpinned_repository_pointers (test_lean.LeanDefaults) ... ok
test_theory_needs_no_gpu_or_data_stack (test_lean.LeanDefaults) ... ok
test_two_exact_conflicting_versions_rejected (test_lean.LeanDefaults) ... ok
test_writing_no_per_paragraph_paperwork (test_lean.LeanDefaults) ... ok
test_arbitrary_repo_not_in_13_sources (test_lean.Sources) ... ok
test_bad_url_rejected (test_lean.Sources) ... ok
test_blob_mismatch_rejected (test_lean.Sources) ... ok
test_cache_cannot_hide_a_changed_index_blob (test_lean.Sources) ... ok
test_compact_display_preserves_full_index (test_lean.Sources) ... ok
test_credentials_in_url_rejected (test_lean.Sources) ... ok
test_declared_dependency_identity_input_is_validated (test_lean.Sources) ... ok
test_default_branch_is_detected (test_lean.Sources) ... ok
test_discovered_entry_changed_requires_new_source (test_lean.Sources) ... ok
test_duplicate_conflicting_paths_rejected (test_lean.Sources) ... ok
test_dynamic_native_handoff_without_review_form (test_lean.Sources) ... ok
test_edited_cache_is_preserved_and_rejected (test_lean.Sources) ... ok
test_entry_unchanged_does_not_hide_declared_dependency_drift (test_lean.Sources) ... ok
test_fresh_discovery_sees_new_commit_and_path (test_lean.Sources) ... ok
test_function_interface_uses_discovered_path (test_lean.Sources) ... ok
test_local_dependency_adaptation_needs_matching_digest_review (test_lean.Sources) ... ok
test_missing_entry_rejected (test_lean.Sources) ... ok
test_native_bind_keeps_support_paths (test_lean.Sources) ... ok
test_network_not_implicitly_used (test_lean.Sources) ... ok
test_new_entry_path_is_discovered (test_lean.Sources) ... ok
test_only_chosen_entry_bound (test_lean.Sources) ... ok
test_read_pins_original_run_commit (test_lean.Sources) ... ok
test_ref_is_quoted (test_lean.Sources) ... ok
test_reference_not_mislabeled_native (test_lean.Sources) ... ok
test_reference_repository_no_native_skills (test_lean.Sources) ... ok
test_repository_url_normalized (test_lean.Sources) ... ok
test_submodule_not_skill (test_lean.Sources) ... ok
test_support_path_missing_is_specific (test_lean.Sources) ... ok
test_symlink_not_skill (test_lean.Sources) ... ok
test_traversal_rejected (test_lean.Sources) ... ok
test_truncated_budget_does_not_claim_complete (test_lean.Sources) ... ok
test_truncated_tree_falls_back_to_subtrees (test_lean.Sources) ... ok
test_unknown_function_interface_not_invented (test_lean.Sources) ... ok
test_unknown_semantic_quality_not_faked (test_lean.Sources) ... ok
test_unsupported_binary_response (test_lean.Sources) ... ok
test_verified_read_cache_reuses_bytes_without_network (test_lean.Sources) ... ok
test_commit_binding_excludes_ignored_files_and_rejects_changes (test_package_identity.PackageIdentity) ... ok
test_one_click_refuses_preexisting_output (test_package_identity.PackageIdentity) ... ok
test_runtime_keeps_update_report_local_targets (test_package_identity.PackageIdentity) ... ok
test_pdftotext_actual_pdf_and_malformed_boundary (test_pdf_extract.PdfExtraction) ... ok
test_pypdf_only_actual_pdf_and_malformed_boundary (test_pdf_extract.PdfExtraction) ... ERROR
test_failed_install_prevents_research_script (test_portability.InstallTests) ... FAIL
test_managed_marker_required (test_portability.InstallTests) ... FAIL
test_missing_binary_blocks_install (test_portability.InstallTests) ... ok
test_negative_timeout_rejected (test_portability.InstallTests) ... ok
test_real_offline_install_verify_reuse_and_execute (test_portability.InstallTests) ... FAIL
test_timeout_stops_explicit_script (test_portability.InstallTests) ... ok
test_all_19_standalone_setup_and_profile_resources (test_portability.PortableTests) ... test_copy_dry_run_idempotence_no_host_claim (test_portability.PortableTests) ... ok
test_copy_never_overwrites_changed_skill (test_portability.PortableTests) ... ok
test_copy_refuses_recursive_overlap (test_portability.PortableTests) ... ok
test_export_does_not_overwrite (test_portability.PortableTests) ... ok
test_real_local_git_mirror_checkout_not_execution (test_portability.PortableTests) ... ok
test_source_fetch_preserves_unknown_provider (test_portability.PortableTests) ... ok
test_source_fetch_requires_authorized_network (test_portability.PortableTests) ... ok
test_source_fetch_requires_commit_not_blob_or_branch (test_portability.PortableTests) ... ok
test_text_export_self_contained_core_and_selected_type (test_portability.PortableTests) ... ok
test_humanities_permitted_with_actual_source_condition (test_portability.ResearchTypeTests) ... ok
test_humanities_profile_does_not_require_graphs_or_imrad (test_portability.ResearchTypeTests) ... ok
test_mixed_types_preserve_both (test_portability.ResearchTypeTests) ... ok
test_numeric_analysis_still_needs_data (test_portability.ResearchTypeTests) ... ok
test_planning_not_blocked_by_uncollected_data (test_portability.ResearchTypeTests) ... ok
test_profile_label_alone_not_evidence (test_portability.ResearchTypeTests) ... ok
test_sixteen_profiles_have_evidence_and_boundaries (test_portability.ResearchTypeTests) ... ok
test_theory_permitted_without_csv (test_portability.ResearchTypeTests) ... ok
test_unclassified_type_uses_general_guidance (test_portability.ResearchTypeTests) ... ok
test_unknown_type_not_promoted_to_ml (test_portability.ResearchTypeTests) ... ok
test_conflicting_explicit_specs_rejected (test_portability.SelectionTests) ... ok
test_doctor_does_not_create_workspace (test_portability.SelectionTests) ... ok
test_exact_package_spec_supported (test_portability.SelectionTests) ... ok
test_humanities_no_ml_dependencies (test_portability.SelectionTests) ... ok
test_interpreter_symlink_not_collapsed (test_portability.SelectionTests) ... ok
test_journal_has_no_python_installs (test_portability.SelectionTests) ... ok
test_method_plan_not_forced_to_statistical_stack (test_portability.SelectionTests) ... ok
test_missing_dependency_dry_run_no_install (test_portability.SelectionTests) ... FAIL
test_missing_network_authorization_no_environment (test_portability.SelectionTests) ... FAIL
test_module_injection_rejected (test_portability.SelectionTests) ... ok
test_no_python_packages_installed_for_r (test_portability.SelectionTests) ... ok
test_non_numeric_version_not_silently_accepted (test_portability.SelectionTests) ... ok
test_package_injection_rejected (test_portability.SelectionTests) ... ok
test_plot_scipilot_uses_verified_requirements (test_portability.SelectionTests) ... ok
test_posix_venv_path (test_portability.SelectionTests) ... ok
test_profile_minimal_packages (test_portability.SelectionTests) ... ok
test_refuse_environment_path_escape (test_portability.SelectionTests) ... ok
test_regression_preset_selected_by_method (test_portability.SelectionTests) ... ok
test_required_binaries_not_commands (test_portability.SelectionTests) ... ok
test_text_only_never_probes_or_installs (test_portability.SelectionTests) ... ok
test_theory_no_forced_dependencies (test_portability.SelectionTests) ... ok
test_unknown_group_rejected (test_portability.SelectionTests) ... ok
test_unknown_method_requires_selection (test_portability.SelectionTests) ... ok
test_windows_venv_path (test_portability.SelectionTests) ... ok
test_executor_and_research_model_are_separate_in_every_entry (test_quality31.ContentTests) ... ok
test_final_expression_preserves_comparison_truth (test_quality31.ContentTests) ... ok
test_no_context_forced_all13 (test_quality31.ContentTests) ... ok
test_no_user_hardware_values_in_runtime (test_quality31.ContentTests) ... ok
test_not_all_publication_research_requires_ml (test_quality31.ContentTests) ... ok
test_original_code_allowed_without_host_switch (test_quality31.ContentTests) ... ok
test_short_19_entries (test_quality31.ContentTests) ... ok
test_case_normalization (test_quality31.PolicyTests) ... ok
test_duplicate_repo_rejected (test_quality31.PolicyTests) ... ok
test_empty_repo_argument_has_specific_error (test_quality31.PolicyTests) ... ok
test_endpoint_discovery_not_in_research_scope (test_quality31.PolicyTests) ... ok
test_equal_form_repo_and_duplicate_flags (test_quality31.PolicyTests) ... ok
test_known_alias (test_quality31.PolicyTests) ... ok
test_literature_sources_not_restricted (test_quality31.PolicyTests) ... ok
test_local_llm_url_not_a_source (test_quality31.PolicyTests) ... ok
test_native_subagent_stays_permitted (test_quality31.PolicyTests) ... ok
test_new_entry_for_approved_repo (test_quality31.PolicyTests) ... ok
test_new_ideation_source_is_selectable_with_dynamic_entry (test_quality31.PolicyTests) ... ok
test_no_claim_os_sandbox (test_quality31.PolicyTests) ... ok
test_off_library_not_silent (test_quality31.PolicyTests) ... ok
test_other_host_action_not_in_research_scope (test_quality31.PolicyTests) ... ok
test_paths_not_pinned (test_quality31.PolicyTests) ... ok
test_preserves_baseline_sources_and_adds_ideation (test_quality31.PolicyTests) ... ok
test_repo_url (test_quality31.PolicyTests) ... ok
test_research_model_code_permitted (test_quality31.PolicyTests) ... ok
test_abstract_writing_does_not_complete_full_paper_role (test_quality31.RecordTests) ... ok
test_actual_final_version_not_earlier_abstract (test_quality31.RecordTests) ... ok
test_actual_record_readiness_not_top_journal_certification (test_quality31.RecordTests) ... ok
test_boolean_string_does_not_pass_fact_review (test_quality31.RecordTests) ... ok
test_changed_output_is_error (test_quality31.RecordTests) ... ok
test_changed_prior_art_invalidates_only_related_coverage (test_quality31.RecordTests) ... ok
test_download_not_execution (test_quality31.RecordTests) ... ok
test_empirical_request_cannot_be_relabelled_protocol (test_quality31.RecordTests) ... ok
test_empty_role_override_does_not_erase_project_obligations (test_quality31.RecordTests) ... ok
test_equal_form_index_and_bad_index_container (test_quality31.RecordTests) ... ok
test_explicit_external_actor_is_rejected (test_quality31.RecordTests) ... ok
test_explicit_external_assistant_target_is_rejected_for_any_verb (test_quality31.RecordTests) ... ok
test_export_only_not_full_figure (test_quality31.RecordTests) ... ok
test_expression_is_designated_source (test_quality31.RecordTests) ... ok
test_expression_missing_is_next_work (test_quality31.RecordTests) ... ok
test_focused_figure_keeps_only_local_record_checks (test_quality31.RecordTests) ... ok
test_focused_no_full_project_admin (test_quality31.RecordTests) ... ok
test_full_expression_cannot_be_only_an_abstract (test_quality31.RecordTests) ... ok
test_full_figure_scope_bound_to_actual_main_figure (test_quality31.RecordTests) ... ok
test_function_search_not_full_search_review (test_quality31.RecordTests) ... ok
test_invalid_container_types_have_specific_errors (test_quality31.RecordTests) ... ok
test_invalid_record_cli_has_json_diagnostic (test_quality31.RecordTests) ... ok
test_legacy_role_labels_need_associations (test_quality31.RecordTests) ... ok
test_legacy_unbound_review_requests_migration_not_silent_readiness (test_quality31.RecordTests) ... ok
test_missing_goal_produces_next_research_action (test_quality31.RecordTests) ... ok
test_missing_novelty_operation_not_hidden (test_quality31.RecordTests) ... ok
test_new_current_host_research_verb_is_permitted (test_quality31.RecordTests) ... ok
test_no_figures_needed_for_theory_not_forced (test_quality31.RecordTests) ... ok
test_not_applicable_flag_does_not_waive_empirical_results (test_quality31.RecordTests) ... ok
test_only_selected_sources_not_all13_required (test_quality31.RecordTests) ... ok
test_other_host_evidence_cannot_complete (test_quality31.RecordTests) ... ok
test_outside_root_not_read (test_quality31.RecordTests) ... ok
test_pilot_not_main_completion (test_quality31.RecordTests) ... ok
test_post_rewrite_facts_checked (test_quality31.RecordTests) ... ok
test_protocol_delivery_does_not_require_future_results (test_quality31.RecordTests) ... ok
test_protocol_review_and_design_still_required (test_quality31.RecordTests) ... ok
test_related_version_bound_prior_work_can_be_reused (test_quality31.RecordTests) ... ok
test_review_subject_changes_are_not_hidden_by_updated_outputs (test_quality31.RecordTests) ... ok
test_separate_test_plot_does_not_count_for_main_plot (test_quality31.RecordTests) ... ok
test_smoke_does_not_certify_research (test_quality31.RecordTests) ... ok
test_unauthorized_endpoint_action_reported (test_quality31.RecordTests) ... ok
test_unrelated_task_brief_cannot_cover_literature (test_quality31.RecordTests) ... ok
test_unrelated_writing_output_cannot_cover_this_manuscript (test_quality31.RecordTests) ... ok
test_visual_review_bound_to_current_figure (test_quality31.RecordTests) ... ok
test_added_file_preserved (test_release.DynamicCheckout) ... ok
test_existing_clean_snapshot_reused_offline (test_release.DynamicCheckout) ... ok
test_fetch_bind_identity_matches (test_release.DynamicCheckout) ... ok
test_fetch_config_to_plan_end_to_end (test_release.DynamicCheckout) ... ok
test_infinite_fetch_timeout_rejected (test_release.DynamicCheckout) ... ok
test_mismatched_index_not_marked_configured (test_release.DynamicCheckout) ... ok
test_modified_tracked_source_preserved (test_release.DynamicCheckout) ... ok
test_nan_timeout_rejected (test_release.DynamicCheckout) ... ok
test_relative_dot_not_file (test_release.DynamicCheckout) ... ok
test_snapshot_dry_run_does_not_create_directory (test_release.DynamicCheckout) ... ok
test_support_must_exist_in_index (test_release.DynamicCheckout) ... ok
test_timeout_is_passed_to_git (test_release.DynamicCheckout) ... ok
test_interrupted_owned_venv_creation_is_repairable (test_release.EnvironmentRecovery) ... ERROR
test_managed_package_can_resume_without_network_or_wheelhouse (test_release.EnvironmentRecovery) ... ERROR
test_adapter_changing_snapshot_is_not_a_valid_completed_run (test_release.EvaluationHarness) ... ok
test_changed_entry_or_reference_stops_adapter_before_execution (test_release.EvaluationHarness) ... ok
test_changed_material_stops_adapter_before_execution (test_release.EvaluationHarness) ... ok
test_custom_cases_keep_raw_material_equal_without_scoring_leak (test_release.EvaluationHarness) ... ok
test_custom_material_path_and_duplicate_case_rejected (test_release.EvaluationHarness) ... ok
test_fixture_command_not_reported_as_model_performance (test_release.EvaluationHarness) ... ok
test_paired_material_identical_and_no_quality_claim (test_release.EvaluationHarness) ... ok
test_read_rejects_escape_changed_identity_and_role_bypass (test_release.EvaluationHarness) ... ok
test_read_trace_measures_display_without_claiming_tokens (test_release.EvaluationHarness) ... ok
test_snapshot_is_independent_and_only_selected_module_copied (test_release.EvaluationHarness) ... ok
test_unconfigured_command_not_used (test_release.EvaluationHarness) ... ok
test_desktop_metadata_excluded (test_release.PortabilityFixes) ... ok
test_installer_preserves_executable_bit (test_release.PortabilityFixes) ... ok
test_local_build_public_pin (test_release.PortabilityFixes) ... ok
test_local_build_version_satisfies_numeric_minimum (test_release.PortabilityFixes) ... ok
test_minimal_external_skill_exports_without_our_assets (test_release.PortabilityFixes) ... ok
test_prerelease_not_silently_final (test_release.PortabilityFixes) ... ok
test_quoted_valid_name_supported (test_release.PortabilityFixes) ... ok
test_scoped_review_schema_present (test_release.PortabilityFixes) ... ok
test_unclosed_frontmatter_rejected (test_release.PortabilityFixes) ... ok
test_invalid_quoted_name_rejected (test_release.PublicAPICompatibility) ... ok
test_large_text_contents_none_uses_indexed_blob (test_release.PublicAPICompatibility) ... ok
test_long_rate_limit_does_not_hang (test_release.PublicAPICompatibility) ... ok
test_missing_description_rejected (test_release.PublicAPICompatibility) ... ok
test_permission_error_not_retried (test_release.PublicAPICompatibility) ... ok
test_transient_http_retried_but_no_model_claim (test_release.PublicAPICompatibility) ... ok
test_all_entries_stay_short (test_release.ScopeAndCoverage) ... ok
test_all_protocol_headings_preserved (test_release.ScopeAndCoverage) ... ok
test_dynamic_schematic_route_not_unconditionally_blocked (test_release.ScopeAndCoverage) ... ok
test_no_hardware_or_host_pin_in_entries (test_release.ScopeAndCoverage) ... ok
test_release_version_all_entries (test_release.ScopeAndCoverage) ... ok
test_deterministic_image_check_not_visual_observation (test_release.ScopedReviews) ... ok
test_empty_scope_rejected (test_release.ScopedReviews) ... ok
test_figure_only_required_review (test_release.ScopedReviews) ... ok
test_optional_review_can_be_partial (test_release.ScopedReviews) ... ok
test_scoped_review_wrong_version_rejected (test_release.ScopedReviews) ... ok
test_separate_review_responsibilities (test_release.ScopedReviews) ... ok
test_unknown_output_scope_rejected (test_release.ScopedReviews) ... ok
test_unscoped_required_review_retains_old_coverage (test_release.ScopedReviews) ... ok
test_disjoint_running_work_does_not_stop_ready_work (test_release.WorkgraphAutonomy) ... ok
test_explicit_attempt_budget_still_respected (test_release.WorkgraphAutonomy) ... ok
test_no_implicit_single_attempt_limit (test_release.WorkgraphAutonomy) ... ok
test_ready_writer_conflict_with_running_writer (test_release.WorkgraphAutonomy) ... ok
test_assess_and_audit_cli_use_actual_result_link_checks (test_research_tools.Roles) ... ok
test_bind_retains_commit_tree_blob (test_research_tools.Roles) ... ok
test_discovery_rejects_wrong_resolved_tree (test_research_tools.Roles) ... ok
test_external_wait_does_not_block_focused_internal_work (test_research_tools.Roles) ... ok
test_installed_matching_primary_and_purposeful_complement (test_research_tools.Roles) ... ok
test_read_work_and_function_progress_are_separate (test_research_tools.Roles) ... ok
test_research_model_action_does_not_authorize_host_switch (test_research_tools.Roles) ... ok
test_unavailable_or_wrong_material_never_selected (test_research_tools.Roles) ... ok
test_argv_uses_project_cwd_literal_arguments_and_actual_outputs (test_research_tools.Tools) ... FAIL
test_command_string_is_not_shell (test_research_tools.Tools) ... ok
test_compile_and_run_non_python_in_project (test_research_tools.Tools) ... FAIL
test_cpu_calibration_checks_actual_numerical_output (test_research_tools.Tools) ... FAIL
test_local_research_model_is_distinct_from_executor (test_research_tools.Tools) ... ok
test_missing_outputs_do_not_pass (test_research_tools.Tools) ... FAIL
test_output_and_cwd_escape_rejected (test_research_tools.Tools) ... FAIL
test_prepared_managed_environment_runs_without_reinstall_permission (test_research_tools.Tools) ... ERROR
test_resources_are_dynamic_and_unknowns_are_not_claimed (test_research_tools.Tools) ... ok
test_worker_refuses_existing_output_before_import (test_research_tools.Tools) ... ok
test_accept_result_hash_bound_manifest_and_pending_claim (test_result_links.Links) ... ok
test_accept_result_optional_inline_links (test_result_links.Links) ... ok
test_accept_result_unrelated_occurrence_cannot_validate_returned_draft (test_result_links.Links) ... ok
test_actual_docx_paragraph (test_result_links.Links) ... ok
test_actual_docx_table_cell (test_result_links.Links) ... ok
test_actual_pdf_page_line (test_result_links.Links) ... ok
test_adapter_optional_project_interpreter_and_workspace (test_result_links.Links) ... ok
test_csv_frozen_output_uses_existing_result_id (test_result_links.Links) ... ok
test_display_tolerance_without_recomputed_source_is_rejected (test_result_links.Links) ... ok
test_edit_cannot_redefine_source_value_with_display_token (test_result_links.Links) ... ok
test_edited_value_even_with_current_target_hash_fails (test_result_links.Links) ... ok
test_frozen_output_and_execution_data_code_version_identity (test_result_links.Links) ... ok
test_independent_copy_needs_only_sibling_scripts (test_result_links.Links) ... ok
test_interpretation_binds_actual_source_snippet (test_result_links.Links) ... ok
test_interval_endpoints_cannot_hide_unchecked_estimate (test_result_links.Links) ... ok
test_latex_actual_occurrence (test_result_links.Links) ... ok
test_legacy_envelope_needs_no_new_linkage_fields (test_result_links.Links) ... ok
test_missing_source_versions_stay_pending (test_result_links.Links) ... ok
test_outcome_population_comparison_model_split_uncertainty (test_result_links.Links) ... ok
test_path_escape_symlink_and_malformed_mapping_are_clean_diagnostics (test_result_links.Links) ... ok
test_percent_ratio_conversion_is_not_a_hundredfold_display_error (test_result_links.Links) ... ok
test_provider_dispatch_uses_same_actual_file_audit (test_result_links.Links) ... ok
test_real_markdown_occurrence_and_separate_coverage (test_result_links.Links) ... ok
test_recomputation_outside_tolerance_fails (test_result_links.Links) ... ok
test_recomputation_tolerance_does_not_relax_display_rounding (test_result_links.Links) ... ok
test_rounding_tie_is_explicit_decimal_half_even_or_half_up (test_result_links.Links) ... ok
test_theory_proposition_conditions_and_actual_proof (test_result_links.Links) ... ok
test_unlinked_critical_claim_has_actionable_location (test_result_links.Links) ... ok
test_wrong_denominator_text_fails (test_result_links.Links) ... ok
test_wrong_direction_with_correct_declared_value_fails (test_result_links.Links) ... ok
test_wrong_followup_even_with_correct_declared_time_fails (test_result_links.Links) ... ok
test_wrong_unit_fails (test_result_links.Links) ... ok
test_actual_build_rows_reuse_frozen_semantics_and_display (test_result_links.Rc5Relations) ... ok
test_actual_table_subject_cell_and_header_have_limited_coverage (test_result_links.Rc5Relations) ... ok
test_build_preserves_pinned_source_identity (test_result_links.Rc5Relations) ... ok
test_comparison_threshold_cannot_be_an_exact_primary_value (test_result_links.Rc5Relations) ... ok
test_fake_table_coordinates_and_mixed_locators_are_rejected (test_result_links.Rc5Relations) ... ok
test_independent_unit_locator_still_checks_the_actual_number (test_result_links.Rc5Relations) ... ok
test_known_wrong_subject_and_paragraph_cooccurrence_cannot_pass (test_result_links.Rc5Relations) ... ok
test_local_caption_and_whole_manuscript_coverage_are_separate (test_result_links.Rc5Relations) ... ok
test_missing_recomputation_identity_remains_located_pending (test_result_links.Rc5Relations) ... ok
test_negation_scope_direct_nonlocal_and_unrelated (test_result_links.Rc5Relations) ... ok
test_numeric_semantic_json_remains_serializable_through_actual_cli (test_result_links.Rc5Relations) ... ok
test_only_frozen_scientific_equivalence_aliases_authorize_models (test_result_links.Rc5Relations) ... ok
test_range_separator_does_not_hide_a_negative_primary_value (test_result_links.Rc5Relations) ... ok
test_recomputed_context_and_field_roles_must_agree (test_result_links.Rc5Relations) ... ok
test_recomputed_true_unit_equivalence_not_equal_bare_numbers (test_result_links.Rc5Relations) ... ok
test_separate_semantic_locator_cannot_hide_negated_direction (test_result_links.Rc5Relations) ... ok
test_swapped_intervals_fail_but_explicit_upper_lower_labels_are_valid (test_result_links.Rc5Relations) ... ok
test_unknown_connectors_are_review_pending_not_certified (test_result_links.Rc5Relations) ... ok
test_zero_tolerance_preserves_all_decimal_digits_during_conversion (test_result_links.Rc5Relations) ... ok
test_actual_frozen_inputs_and_outputs_pass (test_result_links.Renders) ... ok
test_changed_figure_propagates_and_pdf_tamper_is_detected (test_result_links.Renders) ... ok
test_latex_change_identifies_word_and_old_pdf_transitively (test_result_links.Renders) ... ok
test_malformed_digest_cycle_and_path_escape_fail_cleanly (test_result_links.Renders) ... ok
test_manifest_commands_are_not_executed (test_result_links.Renders) ... ok
test_provider_dispatch_render (test_result_links.Renders) ... ok
test_refreshed_source_inventory_does_not_refresh_prior_render (test_result_links.Renders) ... ok
test_word_change_identifies_old_pdf (test_result_links.Renders) ... ok
test_analysis_execution__empty_cannot_complete (test_suite.IsolatedSkillTests) ... ok
test_analysis_execution__initialize_and_check (test_suite.IsolatedSkillTests) ... ok
test_analysis_execution__links_and_frontmatter (test_suite.IsolatedSkillTests) ... ok
test_analysis_execution__synthetic_completion_structure (test_suite.IsolatedSkillTests) ... ok
test_citation_audit__empty_cannot_complete (test_suite.IsolatedSkillTests) ... ok
test_citation_audit__initialize_and_check (test_suite.IsolatedSkillTests) ... ok
test_citation_audit__links_and_frontmatter (test_suite.IsolatedSkillTests) ... ok
test_citation_audit__synthetic_completion_structure (test_suite.IsolatedSkillTests) ... ok
test_data_discovery__empty_cannot_complete (test_suite.IsolatedSkillTests) ... ok
test_data_discovery__initialize_and_check (test_suite.IsolatedSkillTests) ... ok
test_data_discovery__links_and_frontmatter (test_suite.IsolatedSkillTests) ... ok
test_data_discovery__synthetic_completion_structure (test_suite.IsolatedSkillTests) ... ok
test_data_preparation__empty_cannot_complete (test_suite.IsolatedSkillTests) ... ok
test_data_preparation__initialize_and_check (test_suite.IsolatedSkillTests) ... ok
test_data_preparation__links_and_frontmatter (test_suite.IsolatedSkillTests) ... ok
test_data_preparation__synthetic_completion_structure (test_suite.IsolatedSkillTests) ... ok
test_ethics_protocol__empty_cannot_complete (test_suite.IsolatedSkillTests) ... ok
test_ethics_protocol__initialize_and_check (test_suite.IsolatedSkillTests) ... ok
test_ethics_protocol__links_and_frontmatter (test_suite.IsolatedSkillTests) ... ok
test_ethics_protocol__synthetic_completion_structure (test_suite.IsolatedSkillTests) ... ok
test_journal_intelligence__empty_cannot_complete (test_suite.IsolatedSkillTests) ... ok
test_journal_intelligence__initialize_and_check (test_suite.IsolatedSkillTests) ... ok
test_journal_intelligence__links_and_frontmatter (test_suite.IsolatedSkillTests) ... ok
test_journal_intelligence__synthetic_completion_structure (test_suite.IsolatedSkillTests) ... ok
test_literature_discovery__empty_cannot_complete (test_suite.IsolatedSkillTests) ... ok
test_literature_discovery__initialize_and_check (test_suite.IsolatedSkillTests) ... ok
test_literature_discovery__links_and_frontmatter (test_suite.IsolatedSkillTests) ... ok
test_literature_discovery__synthetic_completion_structure (test_suite.IsolatedSkillTests) ... ok
test_manuscript_review__empty_cannot_complete (test_suite.IsolatedSkillTests) ... ok
test_manuscript_review__initialize_and_check (test_suite.IsolatedSkillTests) ... ok
test_manuscript_review__links_and_frontmatter (test_suite.IsolatedSkillTests) ... ok
test_manuscript_review__synthetic_completion_structure (test_suite.IsolatedSkillTests) ... ok
test_manuscript_writing__empty_cannot_complete (test_suite.IsolatedSkillTests) ... ok
test_manuscript_writing__initialize_and_check (test_suite.IsolatedSkillTests) ... ok
test_manuscript_writing__links_and_frontmatter (test_suite.IsolatedSkillTests) ... ok
test_manuscript_writing__synthetic_completion_structure (test_suite.IsolatedSkillTests) ... ok
test_paper_deep_reading__empty_cannot_complete (test_suite.IsolatedSkillTests) ... ok
test_paper_deep_reading__initialize_and_check (test_suite.IsolatedSkillTests) ... ok
test_paper_deep_reading__links_and_frontmatter (test_suite.IsolatedSkillTests) ... ok
test_paper_deep_reading__synthetic_completion_structure (test_suite.IsolatedSkillTests) ... ok
test_peer_review_response__empty_cannot_complete (test_suite.IsolatedSkillTests) ... ok
test_peer_review_response__initialize_and_check (test_suite.IsolatedSkillTests) ... ok
test_peer_review_response__links_and_frontmatter (test_suite.IsolatedSkillTests) ... ok
test_peer_review_response__synthetic_completion_structure (test_suite.IsolatedSkillTests) ... ok
test_publication_stewardship__empty_cannot_complete (test_suite.IsolatedSkillTests) ... ok
test_publication_stewardship__initialize_and_check (test_suite.IsolatedSkillTests) ... ok
test_publication_stewardship__links_and_frontmatter (test_suite.IsolatedSkillTests) ... ok
test_publication_stewardship__synthetic_completion_structure (test_suite.IsolatedSkillTests) ... ok
test_research_design__empty_cannot_complete (test_suite.IsolatedSkillTests) ... ok
test_research_design__initialize_and_check (test_suite.IsolatedSkillTests) ... ok
test_research_design__links_and_frontmatter (test_suite.IsolatedSkillTests) ... ok
test_research_design__synthetic_completion_structure (test_suite.IsolatedSkillTests) ... ok
test_research_intake__empty_cannot_complete (test_suite.IsolatedSkillTests) ... ok
test_research_intake__initialize_and_check (test_suite.IsolatedSkillTests) ... ok
test_research_intake__links_and_frontmatter (test_suite.IsolatedSkillTests) ... ok
test_research_intake__synthetic_completion_structure (test_suite.IsolatedSkillTests) ... ok
test_research_paper_workflow__empty_cannot_complete (test_suite.IsolatedSkillTests) ... ok
test_research_paper_workflow__initialize_and_check (test_suite.IsolatedSkillTests) ... ok
test_research_paper_workflow__links_and_frontmatter (test_suite.IsolatedSkillTests) ... ok
test_research_paper_workflow__synthetic_completion_structure (test_suite.IsolatedSkillTests) ... ok
test_robustness_reproducibility__empty_cannot_complete (test_suite.IsolatedSkillTests) ... ok
test_robustness_reproducibility__initialize_and_check (test_suite.IsolatedSkillTests) ... ok
test_robustness_reproducibility__links_and_frontmatter (test_suite.IsolatedSkillTests) ... ok
test_robustness_reproducibility__synthetic_completion_structure (test_suite.IsolatedSkillTests) ... ok
test_scientific_visualization__empty_cannot_complete (test_suite.IsolatedSkillTests) ... ok
test_scientific_visualization__initialize_and_check (test_suite.IsolatedSkillTests) ... ok
test_scientific_visualization__links_and_frontmatter (test_suite.IsolatedSkillTests) ... ok
test_scientific_visualization__synthetic_completion_structure (test_suite.IsolatedSkillTests) ... ok
test_submission_packaging__empty_cannot_complete (test_suite.IsolatedSkillTests) ... ok
test_submission_packaging__initialize_and_check (test_suite.IsolatedSkillTests) ... ok
test_submission_packaging__links_and_frontmatter (test_suite.IsolatedSkillTests) ... ok
test_submission_packaging__synthetic_completion_structure (test_suite.IsolatedSkillTests) ... ok
test_topic_novelty__empty_cannot_complete (test_suite.IsolatedSkillTests) ... ok
test_topic_novelty__initialize_and_check (test_suite.IsolatedSkillTests) ... ok
test_topic_novelty__links_and_frontmatter (test_suite.IsolatedSkillTests) ... ok
test_topic_novelty__synthetic_completion_structure (test_suite.IsolatedSkillTests) ... ok
test_absolute_path (test_suite.ValidatorNegativeTests) ... ok
test_artifact_cycle (test_suite.ValidatorNegativeTests) ... ok
test_blocked_external_dependency (test_suite.ValidatorNegativeTests) ... ok
test_checksum_tamper (test_suite.ValidatorNegativeTests) ... ok
test_dependency_unknown_evidence (test_suite.ValidatorNegativeTests) ... ok
test_draft_record (test_suite.ValidatorNegativeTests) ... ok
test_duplicate_artifact_id (test_suite.ValidatorNegativeTests) ... ok
test_duplicate_physical_file (test_suite.ValidatorNegativeTests) ... ok
test_duplicate_source_id (test_suite.ValidatorNegativeTests) ... ok
test_empty_request (test_suite.ValidatorNegativeTests) ... ok
test_gate_no_evidence (test_suite.ValidatorNegativeTests) ... ok
test_gate_no_reason (test_suite.ValidatorNegativeTests) ... ok
test_gate_unknown (test_suite.ValidatorNegativeTests) ... ok
test_gate_unresolved_reference (test_suite.ValidatorNegativeTests) ... ok
test_init_refuses_overwrite (test_suite.ValidatorNegativeTests) ... ok
test_input_dependency_is_recognized (test_suite.ValidatorNegativeTests) ... ok
test_missing_artifact (test_suite.ValidatorNegativeTests) ... ok
test_missing_output_declaration (test_suite.ValidatorNegativeTests) ... ok
test_missing_required_gate (test_suite.ValidatorNegativeTests) ... ok
test_narrowed_scope_without_reason (test_suite.ValidatorNegativeTests) ... ok
test_no_records (test_suite.ValidatorNegativeTests) ... ok
test_other_skill (test_suite.ValidatorNegativeTests) ... ok
test_output_role_mismatch (test_suite.ValidatorNegativeTests) ... ok
test_parent_traversal (test_suite.ValidatorNegativeTests) ... ok
test_record_missing_field (test_suite.ValidatorNegativeTests) ... ok
test_record_no_evidence (test_suite.ValidatorNegativeTests) ... ok
test_record_unknown_source (test_suite.ValidatorNegativeTests) ... ok
test_register_real_file_no_gate_changes (test_suite.ValidatorNegativeTests) ... ok
test_register_refuses_duplicate (test_suite.ValidatorNegativeTests) ... ok
test_register_refuses_existing_lock (test_suite.ValidatorNegativeTests) ... ok
test_register_refuses_missing_file (test_suite.ValidatorNegativeTests) ... ok
test_register_refuses_path_escape (test_suite.ValidatorNegativeTests) ... ok
test_register_refuses_self_registration (test_suite.ValidatorNegativeTests) ... ok
test_schema_boolean_not_integer (test_suite.ValidatorNegativeTests) ... ok
test_schema_rejects_unknown_keywords (test_suite.ValidatorNegativeTests) ... ok
test_self_dependency (test_suite.ValidatorNegativeTests) ... ok
test_symlink_escape (test_suite.ValidatorNegativeTests) ... ok
test_template_record_not_observation (test_suite.ValidatorNegativeTests) ... ok
test_timestamp_missing_zone (test_suite.ValidatorNegativeTests) ... ok
test_unknown_dependency (test_suite.ValidatorNegativeTests) ... ok
test_unproduced_output (test_suite.ValidatorNegativeTests) ... ok
test_verified_source_requires_timestamp (test_suite.ValidatorNegativeTests) ... ok
test_windows_absolute_path (test_suite.ValidatorNegativeTests) ... ok
test_wrong_contract (test_suite.ValidatorNegativeTests) ... ok
test_wrong_output_artifact (test_suite.ValidatorNegativeTests) ... ok

======================================================================
ERROR: test_pypdf_only_actual_pdf_and_malformed_boundary (test_pdf_extract.PdfExtraction)
----------------------------------------------------------------------
Traceback (most recent call last):
  File "/Users/luca/Documents/ChatGPT/学术skill/iteration-20260930061350/repository/academic-research-skills/tests/test_pdf_extract.py", line 97, in test_pypdf_only_actual_pdf_and_malformed_boundary
    result = self.run_backend('pypdf')
  File "/Users/luca/Documents/ChatGPT/学术skill/iteration-20260930061350/repository/academic-research-skills/tests/test_pdf_extract.py", line 84, in run_backend
    result = probe(root, backend)
  File "/Users/luca/Documents/ChatGPT/学术skill/iteration-20260930061350/repository/academic-research-skills/tests/test_pdf_extract.py", line 75, in probe
    raise RuntimeError('Actual PDF probe failed: ' + result.stderr[-4000:])
RuntimeError: Actual PDF probe failed: Traceback (most recent call last):
  File "<string>", line 8, in <module>
ModuleNotFoundError: No module named 'pypdf'


======================================================================
ERROR: test_interrupted_owned_venv_creation_is_repairable (test_release.EnvironmentRecovery)
----------------------------------------------------------------------
Traceback (most recent call last):
  File "/Users/luca/Documents/ChatGPT/学术skill/iteration-20260930061350/repository/academic-research-skills/tests/test_release.py", line 198, in test_interrupted_owned_venv_creation_is_repairable
    self.assertTrue(result['ready']);self.assertTrue(any('repair-venv' in x['stdout'] for x in result['steps']))
KeyError: 'ready'

======================================================================
ERROR: test_managed_package_can_resume_without_network_or_wheelhouse (test_release.EnvironmentRecovery)
----------------------------------------------------------------------
Traceback (most recent call last):
  File "/Users/luca/Documents/ChatGPT/学术skill/iteration-20260930061350/repository/academic-research-skills/tests/test_release.py", line 189, in test_managed_package_can_resume_without_network_or_wheelhouse
    self.assertTrue(first['ready'])
KeyError: 'ready'

======================================================================
ERROR: test_prepared_managed_environment_runs_without_reinstall_permission (test_research_tools.Tools)
----------------------------------------------------------------------
Traceback (most recent call last):
  File "/Users/luca/Documents/ChatGPT/学术skill/iteration-20260930061350/repository/academic-research-skills/tests/test_research_tools.py", line 73, in test_prepared_managed_environment_runs_without_reinstall_permission
    self.assertTrue(installed['ready'])
KeyError: 'ready'

======================================================================
FAIL: test_failed_install_prevents_research_script (test_portability.InstallTests)
----------------------------------------------------------------------
Traceback (most recent call last):
  File "/Users/luca/Documents/ChatGPT/学术skill/iteration-20260930061350/repository/academic-research-skills/tests/test_portability.py", line 131, in test_failed_install_prevents_research_script
    self.assertEqual(r['research_execution'],'not_started');self.assertEqual(r['status'],'installation_failed');self.assertFalse(sentinel.exists())
AssertionError: 'needs_host_setup' != 'installation_failed'
- needs_host_setup
+ installation_failed


======================================================================
FAIL: test_managed_marker_required (test_portability.InstallTests)
----------------------------------------------------------------------
Traceback (most recent call last):
  File "/Users/luca/Documents/ChatGPT/学术skill/iteration-20260930061350/repository/academic-research-skills/tests/test_portability.py", line 145, in test_managed_marker_required
    with self.assertRaises(env.EnvironmentError):env.ensure(t,self.root,apply=True,force_isolated=True)
AssertionError: EnvironmentError not raised

======================================================================
FAIL: test_real_offline_install_verify_reuse_and_execute (test_portability.InstallTests)
----------------------------------------------------------------------
Traceback (most recent call last):
  File "/Users/luca/Documents/ChatGPT/学术skill/iteration-20260930061350/repository/academic-research-skills/tests/test_portability.py", line 116, in test_real_offline_install_verify_reuse_and_execute
    self.assertEqual(r['status'],'environment_verified');self.assertTrue(r['created_venv']);self.assertTrue(r['installation_executed'])
AssertionError: 'needs_host_setup' != 'environment_verified'
- needs_host_setup
+ environment_verified


======================================================================
FAIL: test_all_19_standalone_setup_and_profile_resources (test_portability.PortableTests) (skill='analysis-execution')
----------------------------------------------------------------------
Traceback (most recent call last):
  File "/Users/luca/Documents/ChatGPT/学术skill/iteration-20260930061350/repository/academic-research-skills/tests/test_portability.py", line 226, in test_all_19_standalone_setup_and_profile_resources
    self.assertEqual(p.returncode,0,p.stdout+p.stderr);self.assertEqual(json.loads(p.stdout)['requirements']['packages'],[])
AssertionError: 3 != 0 : {
  "schema_version": "environment-plan-1",
  "version": "3.3.0-rc.1",
  "task_sha256": "206f948dd2fc520ca54a566e71d2a1ea5237ccad92b84f2ee18d46c129a2b10e",
  "requirements": {
    "backend": "host",
    "groups": [],
    "packages": [],
    "binaries": [],
    "notes": [],
    "dependency_selection": "operation-based minimal recipe",
    "upstream_manifest_review_required": true
  },
  "observed": {
    "executable": "/Applications/Xcode.app/Contents/Developer/usr/bin/python3",
    "python": [
      3,
      9,
      6
    ],
    "prefix": "/Applications/Xcode.app/Contents/Developer/Library/Frameworks/Python3.framework/Versions/3.9",
    "base_prefix": "/Applications/Xcode.app/Contents/Developer/Library/Frameworks/Python3.framework/Versions/3.9",
    "platform": "Darwin",
    "machine": "arm64",
    "packages": [],
    "accelerators": {
      "cpu": {
        "available": true
      },
      "cuda": {
        "available": null
      },
      "mps": {
        "available": null
      },
      "mlx": {
        "available": null
      }
    },
    "venv_available": true,
    "pip_available": true,
    "missing_packages": [],
    "missing_binaries": [],
    "python_compatible": false,
    "checked_at": "2026-10-01T15:55:05.708354+00:00",
    "resources": {
      "os": "Darwin",
      "os_release": "25.6.0",
      "architecture": "arm64",
      "cpu": "arm",
      "logical_threads": 18,
      "usable_threads": 18,
      "memory_total_bytes": 137438953472,
      "memory_available_bytes": 94280007680,
      "memory_available_scope": "OS available estimate; macOS free+inactive+speculative, not a reservation",
      "disk": {
        "path": "/Users/luca/Documents/ChatGPT/学术skill/iteration-20260930061350/repository",
        "total_bytes": 3996276899840,
        "free_bytes": 2003432521728
      },
      "runtimes_and_compilers": {
        "python3": {
          "path": "/usr/bin/python3",
          "version": [
            "Python 3.9.6"
          ]
        },
        "Rscript": {
          "path": "/opt/homebrew/bin/Rscript",
          "version": [
            "Rscript (R) version 4.6.1 (2026-06-24)"
          ]
        },
        "node": {
          "path": "/opt/homebrew/opt/node@24/bin/node",
          "version": [
            "v24.20.0"
          ]
        },
        "clang": {
          "path": "/usr/bin/clang",
          "version": [
            "Apple clang version 21.0.0 (clang-2100.3.34.2)",
            "Target: arm64-apple-darwin25.6.0"
          ]
        },
        "gcc": {
          "path": "/usr/bin/gcc",
          "version": [
            "Apple clang version 21.0.0 (clang-2100.3.34.2)",
            "Target: arm64-apple-darwin25.6.0"
          ]
        },
        "g++": {
          "path": "/usr/bin/g++",
          "version": [
            "Apple clang version 21.0.0 (clang-2100.3.34.2)",
            "Target: arm64-apple-darwin25.6.0"
          ]
        }
      },
      "accelerators": "not executed by resource probe; use calibrate in the selected interpreter",
      "checked_at": "2026-10-01T15:55:05.771334+00:00"
    },
    "probe_depth": "distribution metadata, module discoverability and machine resources; not backend execution",
    "host_features": {
      "vision": "not_probed",
      "network": "not_probed",
      "native_skill_loading": "not_probed",
      "subagents": "not_required"
    }
  },
  "status": "needs_host_setup",
  "blockers": [
    "Python >=3.10 is required by the bootstrap"
  ],
  "installation_executed": false,
  "scientific_validity_certified": false,
  "scope": "Selected local runtime only. Host tool permissions, provider APIs and scientific evidence require their own checks."
}


======================================================================
FAIL: test_all_19_standalone_setup_and_profile_resources (test_portability.PortableTests) (skill='citation-audit')
----------------------------------------------------------------------
Traceback (most recent call last):
  File "/Users/luca/Documents/ChatGPT/学术skill/iteration-20260930061350/repository/academic-research-skills/tests/test_portability.py", line 226, in test_all_19_standalone_setup_and_profile_resources
    self.assertEqual(p.returncode,0,p.stdout+p.stderr);self.assertEqual(json.loads(p.stdout)['requirements']['packages'],[])
AssertionError: 3 != 0 : {
  "schema_version": "environment-plan-1",
  "version": "3.3.0-rc.1",
  "task_sha256": "206f948dd2fc520ca54a566e71d2a1ea5237ccad92b84f2ee18d46c129a2b10e",
  "requirements": {
    "backend": "host",
    "groups": [],
    "packages": [],
    "binaries": [],
    "notes": [],
    "dependency_selection": "operation-based minimal recipe",
    "upstream_manifest_review_required": true
  },
  "observed": {
    "executable": "/Applications/Xcode.app/Contents/Developer/usr/bin/python3",
    "python": [
      3,
      9,
      6
    ],
    "prefix": "/Applications/Xcode.app/Contents/Developer/Library/Frameworks/Python3.framework/Versions/3.9",
    "base_prefix": "/Applications/Xcode.app/Contents/Developer/Library/Frameworks/Python3.framework/Versions/3.9",
    "platform": "Darwin",
    "machine": "arm64",
    "packages": [],
    "accelerators": {
      "cpu": {
        "available": true
      },
      "cuda": {
        "available": null
      },
      "mps": {
        "available": null
      },
      "mlx": {
        "available": null
      }
    },
    "venv_available": true,
    "pip_available": true,
    "missing_packages": [],
    "missing_binaries": [],
    "python_compatible": false,
    "checked_at": "2026-10-01T15:55:05.892024+00:00",
    "resources": {
      "os": "Darwin",
      "os_release": "25.6.0",
      "architecture": "arm64",
      "cpu": "arm",
      "logical_threads": 18,
      "usable_threads": 18,
      "memory_total_bytes": 137438953472,
      "memory_available_bytes": 94278107136,
      "memory_available_scope": "OS available estimate; macOS free+inactive+speculative, not a reservation",
      "disk": {
        "path": "/Users/luca/Documents/ChatGPT/学术skill/iteration-20260930061350/repository",
        "total_bytes": 3996276899840,
        "free_bytes": 2003431968768
      },
      "runtimes_and_compilers": {
        "python3": {
          "path": "/usr/bin/python3",
          "version": [
            "Python 3.9.6"
          ]
        },
        "Rscript": {
          "path": "/opt/homebrew/bin/Rscript",
          "version": [
            "Rscript (R) version 4.6.1 (2026-06-24)"
          ]
        },
        "node": {
          "path": "/opt/homebrew/opt/node@24/bin/node",
          "version": [
            "v24.20.0"
          ]
        },
        "clang": {
          "path": "/usr/bin/clang",
          "version": [
            "Apple clang version 21.0.0 (clang-2100.3.34.2)",
            "Target: arm64-apple-darwin25.6.0"
          ]
        },
        "gcc": {
          "path": "/usr/bin/gcc",
          "version": [
            "Apple clang version 21.0.0 (clang-2100.3.34.2)",
            "Target: arm64-apple-darwin25.6.0"
          ]
        },
        "g++": {
          "path": "/usr/bin/g++",
          "version": [
            "Apple clang version 21.0.0 (clang-2100.3.34.2)",
            "Target: arm64-apple-darwin25.6.0"
          ]
        }
      },
      "accelerators": "not executed by resource probe; use calibrate in the selected interpreter",
      "checked_at": "2026-10-01T15:55:05.958207+00:00"
    },
    "probe_depth": "distribution metadata, module discoverability and machine resources; not backend execution",
    "host_features": {
      "vision": "not_probed",
      "network": "not_probed",
      "native_skill_loading": "not_probed",
      "subagents": "not_required"
    }
  },
  "status": "needs_host_setup",
  "blockers": [
    "Python >=3.10 is required by the bootstrap"
  ],
  "installation_executed": false,
  "scientific_validity_certified": false,
  "scope": "Selected local runtime only. Host tool permissions, provider APIs and scientific evidence require their own checks."
}


======================================================================
FAIL: test_all_19_standalone_setup_and_profile_resources (test_portability.PortableTests) (skill='data-discovery')
----------------------------------------------------------------------
Traceback (most recent call last):
  File "/Users/luca/Documents/ChatGPT/学术skill/iteration-20260930061350/repository/academic-research-skills/tests/test_portability.py", line 226, in test_all_19_standalone_setup_and_profile_resources
    self.assertEqual(p.returncode,0,p.stdout+p.stderr);self.assertEqual(json.loads(p.stdout)['requirements']['packages'],[])
AssertionError: 3 != 0 : {
  "schema_version": "environment-plan-1",
  "version": "3.3.0-rc.1",
  "task_sha256": "206f948dd2fc520ca54a566e71d2a1ea5237ccad92b84f2ee18d46c129a2b10e",
  "requirements": {
    "backend": "host",
    "groups": [],
    "packages": [],
    "binaries": [],
    "notes": [],
    "dependency_selection": "operation-based minimal recipe",
    "upstream_manifest_review_required": true
  },
  "observed": {
    "executable": "/Applications/Xcode.app/Contents/Developer/usr/bin/python3",
    "python": [
      3,
      9,
      6
    ],
    "prefix": "/Applications/Xcode.app/Contents/Developer/Library/Frameworks/Python3.framework/Versions/3.9",
    "base_prefix": "/Applications/Xcode.app/Contents/Developer/Library/Frameworks/Python3.framework/Versions/3.9",
    "platform": "Darwin",
    "machine": "arm64",
    "packages": [],
    "accelerators": {
      "cpu": {
        "available": true
      },
      "cuda": {
        "available": null
      },
      "mps": {
        "available": null
      },
      "mlx": {
        "available": null
      }
    },
    "venv_available": true,
    "pip_available": true,
    "missing_packages": [],
    "missing_binaries": [],
    "python_compatible": false,
    "checked_at": "2026-10-01T15:55:06.080265+00:00",
    "resources": {
      "os": "Darwin",
      "os_release": "25.6.0",
      "architecture": "arm64",
      "cpu": "arm",
      "logical_threads": 18,
      "usable_threads": 18,
      "memory_total_bytes": 137438953472,
      "memory_available_bytes": 94399397888,
      "memory_available_scope": "OS available estimate; macOS free+inactive+speculative, not a reservation",
      "disk": {
        "path": "/Users/luca/Documents/ChatGPT/学术skill/iteration-20260930061350/repository",
        "total_bytes": 3996276899840,
        "free_bytes": 2003431428096
      },
      "runtimes_and_compilers": {
        "python3": {
          "path": "/usr/bin/python3",
          "version": [
            "Python 3.9.6"
          ]
        },
        "Rscript": {
          "path": "/opt/homebrew/bin/Rscript",
          "version": [
            "Rscript (R) version 4.6.1 (2026-06-24)"
          ]
        },
        "node": {
          "path": "/opt/homebrew/opt/node@24/bin/node",
          "version": [
            "v24.20.0"
          ]
        },
        "clang": {
          "path": "/usr/bin/clang",
          "version": [
            "Apple clang version 21.0.0 (clang-2100.3.34.2)",
            "Target: arm64-apple-darwin25.6.0"
          ]
        },
        "gcc": {
          "path": "/usr/bin/gcc",
          "version": [
            "Apple clang version 21.0.0 (clang-2100.3.34.2)",
            "Target: arm64-apple-darwin25.6.0"
          ]
        },
        "g++": {
          "path": "/usr/bin/g++",
          "version": [
            "Apple clang version 21.0.0 (clang-2100.3.34.2)",
            "Target: arm64-apple-darwin25.6.0"
          ]
        }
      },
      "accelerators": "not executed by resource probe; use calibrate in the selected interpreter",
      "checked_at": "2026-10-01T15:55:06.148705+00:00"
    },
    "probe_depth": "distribution metadata, module discoverability and machine resources; not backend execution",
    "host_features": {
      "vision": "not_probed",
      "network": "not_probed",
      "native_skill_loading": "not_probed",
      "subagents": "not_required"
    }
  },
  "status": "needs_host_setup",
  "blockers": [
    "Python >=3.10 is required by the bootstrap"
  ],
  "installation_executed": false,
  "scientific_validity_certified": false,
  "scope": "Selected local runtime only. Host tool permissions, provider APIs and scientific evidence require their own checks."
}


======================================================================
FAIL: test_all_19_standalone_setup_and_profile_resources (test_portability.PortableTests) (skill='data-preparation')
----------------------------------------------------------------------
Traceback (most recent call last):
  File "/Users/luca/Documents/ChatGPT/学术skill/iteration-20260930061350/repository/academic-research-skills/tests/test_portability.py", line 226, in test_all_19_standalone_setup_and_profile_resources
    self.assertEqual(p.returncode,0,p.stdout+p.stderr);self.assertEqual(json.loads(p.stdout)['requirements']['packages'],[])
AssertionError: 3 != 0 : {
  "schema_version": "environment-plan-1",
  "version": "3.3.0-rc.1",
  "task_sha256": "206f948dd2fc520ca54a566e71d2a1ea5237ccad92b84f2ee18d46c129a2b10e",
  "requirements": {
    "backend": "host",
    "groups": [],
    "packages": [],
    "binaries": [],
    "notes": [],
    "dependency_selection": "operation-based minimal recipe",
    "upstream_manifest_review_required": true
  },
  "observed": {
    "executable": "/Applications/Xcode.app/Contents/Developer/usr/bin/python3",
    "python": [
      3,
      9,
      6
    ],
    "prefix": "/Applications/Xcode.app/Contents/Developer/Library/Frameworks/Python3.framework/Versions/3.9",
    "base_prefix": "/Applications/Xcode.app/Contents/Developer/Library/Frameworks/Python3.framework/Versions/3.9",
    "platform": "Darwin",
    "machine": "arm64",
    "packages": [],
    "accelerators": {
      "cpu": {
        "available": true
      },
      "cuda": {
        "available": null
      },
      "mps": {
        "available": null
      },
      "mlx": {
        "available": null
      }
    },
    "venv_available": true,
    "pip_available": true,
    "missing_packages": [],
    "missing_binaries": [],
    "python_compatible": false,
    "checked_at": "2026-10-01T15:55:06.270839+00:00",
    "resources": {
      "os": "Darwin",
      "os_release": "25.6.0",
      "architecture": "arm64",
      "cpu": "arm",
      "logical_threads": 18,
      "usable_threads": 18,
      "memory_total_bytes": 137438953472,
      "memory_available_bytes": 94401789952,
      "memory_available_scope": "OS available estimate; macOS free+inactive+speculative, not a reservation",
      "disk": {
        "path": "/Users/luca/Documents/ChatGPT/学术skill/iteration-20260930061350/repository",
        "total_bytes": 3996276899840,
        "free_bytes": 2003430879232
      },
      "runtimes_and_compilers": {
        "python3": {
          "path": "/usr/bin/python3",
          "version": [
            "Python 3.9.6"
          ]
        },
        "Rscript": {
          "path": "/opt/homebrew/bin/Rscript",
          "version": [
            "Rscript (R) version 4.6.1 (2026-06-24)"
          ]
        },
        "node": {
          "path": "/opt/homebrew/opt/node@24/bin/node",
          "version": [
            "v24.20.0"
          ]
        },
        "clang": {
          "path": "/usr/bin/clang",
          "version": [
            "Apple clang version 21.0.0 (clang-2100.3.34.2)",
            "Target: arm64-apple-darwin25.6.0"
          ]
        },
        "gcc": {
          "path": "/usr/bin/gcc",
          "version": [
            "Apple clang version 21.0.0 (clang-2100.3.34.2)",
            "Target: arm64-apple-darwin25.6.0"
          ]
        },
        "g++": {
          "path": "/usr/bin/g++",
          "version": [
            "Apple clang version 21.0.0 (clang-2100.3.34.2)",
            "Target: arm64-apple-darwin25.6.0"
          ]
        }
      },
      "accelerators": "not executed by resource probe; use calibrate in the selected interpreter",
      "checked_at": "2026-10-01T15:55:06.341298+00:00"
    },
    "probe_depth": "distribution metadata, module discoverability and machine resources; not backend execution",
    "host_features": {
      "vision": "not_probed",
      "network": "not_probed",
      "native_skill_loading": "not_probed",
      "subagents": "not_required"
    }
  },
  "status": "needs_host_setup",
  "blockers": [
    "Python >=3.10 is required by the bootstrap"
  ],
  "installation_executed": false,
  "scientific_validity_certified": false,
  "scope": "Selected local runtime only. Host tool permissions, provider APIs and scientific evidence require their own checks."
}


======================================================================
FAIL: test_all_19_standalone_setup_and_profile_resources (test_portability.PortableTests) (skill='ethics-protocol')
----------------------------------------------------------------------
Traceback (most recent call last):
  File "/Users/luca/Documents/ChatGPT/学术skill/iteration-20260930061350/repository/academic-research-skills/tests/test_portability.py", line 226, in test_all_19_standalone_setup_and_profile_resources
    self.assertEqual(p.returncode,0,p.stdout+p.stderr);self.assertEqual(json.loads(p.stdout)['requirements']['packages'],[])
AssertionError: 3 != 0 : {
  "schema_version": "environment-plan-1",
  "version": "3.3.0-rc.1",
  "task_sha256": "206f948dd2fc520ca54a566e71d2a1ea5237ccad92b84f2ee18d46c129a2b10e",
  "requirements": {
    "backend": "host",
    "groups": [],
    "packages": [],
    "binaries": [],
    "notes": [],
    "dependency_selection": "operation-based minimal recipe",
    "upstream_manifest_review_required": true
  },
  "observed": {
    "executable": "/Applications/Xcode.app/Contents/Developer/usr/bin/python3",
    "python": [
      3,
      9,
      6
    ],
    "prefix": "/Applications/Xcode.app/Contents/Developer/Library/Frameworks/Python3.framework/Versions/3.9",
    "base_prefix": "/Applications/Xcode.app/Contents/Developer/Library/Frameworks/Python3.framework/Versions/3.9",
    "platform": "Darwin",
    "machine": "arm64",
    "packages": [],
    "accelerators": {
      "cpu": {
        "available": true
      },
      "cuda": {
        "available": null
      },
      "mps": {
        "available": null
      },
      "mlx": {
        "available": null
      }
    },
    "venv_available": true,
    "pip_available": true,
    "missing_packages": [],
    "missing_binaries": [],
    "python_compatible": false,
    "checked_at": "2026-10-01T15:55:06.468908+00:00",
    "resources": {
      "os": "Darwin",
      "os_release": "25.6.0",
      "architecture": "arm64",
      "cpu": "arm",
      "logical_threads": 18,
      "usable_threads": 18,
      "memory_total_bytes": 137438953472,
      "memory_available_bytes": 94250827776,
      "memory_available_scope": "OS available estimate; macOS free+inactive+speculative, not a reservation",
      "disk": {
        "path": "/Users/luca/Documents/ChatGPT/学术skill/iteration-20260930061350/repository",
        "total_bytes": 3996276899840,
        "free_bytes": 2003430334464
      },
      "runtimes_and_compilers": {
        "python3": {
          "path": "/usr/bin/python3",
          "version": [
            "Python 3.9.6"
          ]
        },
        "Rscript": {
          "path": "/opt/homebrew/bin/Rscript",
          "version": [
            "Rscript (R) version 4.6.1 (2026-06-24)"
          ]
        },
        "node": {
          "path": "/opt/homebrew/opt/node@24/bin/node",
          "version": [
            "v24.20.0"
          ]
        },
        "clang": {
          "path": "/usr/bin/clang",
          "version": [
            "Apple clang version 21.0.0 (clang-2100.3.34.2)",
            "Target: arm64-apple-darwin25.6.0"
          ]
        },
        "gcc": {
          "path": "/usr/bin/gcc",
          "version": [
            "Apple clang version 21.0.0 (clang-2100.3.34.2)",
            "Target: arm64-apple-darwin25.6.0"
          ]
        },
        "g++": {
          "path": "/usr/bin/g++",
          "version": [
            "Apple clang version 21.0.0 (clang-2100.3.34.2)",
            "Target: arm64-apple-darwin25.6.0"
          ]
        }
      },
      "accelerators": "not executed by resource probe; use calibrate in the selected interpreter",
      "checked_at": "2026-10-01T15:55:06.538827+00:00"
    },
    "probe_depth": "distribution metadata, module discoverability and machine resources; not backend execution",
    "host_features": {
      "vision": "not_probed",
      "network": "not_probed",
      "native_skill_loading": "not_probed",
      "subagents": "not_required"
    }
  },
  "status": "needs_host_setup",
  "blockers": [
    "Python >=3.10 is required by the bootstrap"
  ],
  "installation_executed": false,
  "scientific_validity_certified": false,
  "scope": "Selected local runtime only. Host tool permissions, provider APIs and scientific evidence require their own checks."
}


======================================================================
FAIL: test_all_19_standalone_setup_and_profile_resources (test_portability.PortableTests) (skill='journal-intelligence')
----------------------------------------------------------------------
Traceback (most recent call last):
  File "/Users/luca/Documents/ChatGPT/学术skill/iteration-20260930061350/repository/academic-research-skills/tests/test_portability.py", line 226, in test_all_19_standalone_setup_and_profile_resources
    self.assertEqual(p.returncode,0,p.stdout+p.stderr);self.assertEqual(json.loads(p.stdout)['requirements']['packages'],[])
AssertionError: 3 != 0 : {
  "schema_version": "environment-plan-1",
  "version": "3.3.0-rc.1",
  "task_sha256": "206f948dd2fc520ca54a566e71d2a1ea5237ccad92b84f2ee18d46c129a2b10e",
  "requirements": {
    "backend": "host",
    "groups": [],
    "packages": [],
    "binaries": [],
    "notes": [],
    "dependency_selection": "operation-based minimal recipe",
    "upstream_manifest_review_required": true
  },
  "observed": {
    "executable": "/Applications/Xcode.app/Contents/Developer/usr/bin/python3",
    "python": [
      3,
      9,
      6
    ],
    "prefix": "/Applications/Xcode.app/Contents/Developer/Library/Frameworks/Python3.framework/Versions/3.9",
    "base_prefix": "/Applications/Xcode.app/Contents/Developer/Library/Frameworks/Python3.framework/Versions/3.9",
    "platform": "Darwin",
    "machine": "arm64",
    "packages": [],
    "accelerators": {
      "cpu": {
        "available": true
      },
      "cuda": {
        "available": null
      },
      "mps": {
        "available": null
      },
      "mlx": {
        "available": null
      }
    },
    "venv_available": true,
    "pip_available": true,
    "missing_packages": [],
    "missing_binaries": [],
    "python_compatible": false,
    "checked_at": "2026-10-01T15:55:06.667025+00:00",
    "resources": {
      "os": "Darwin",
      "os_release": "25.6.0",
      "architecture": "arm64",
      "cpu": "arm",
      "logical_threads": 18,
      "usable_threads": 18,
      "memory_total_bytes": 137438953472,
      "memory_available_bytes": 94249058304,
      "memory_available_scope": "OS available estimate; macOS free+inactive+speculative, not a reservation",
      "disk": {
        "path": "/Users/luca/Documents/ChatGPT/学术skill/iteration-20260930061350/repository",
        "total_bytes": 3996276899840,
        "free_bytes": 2003429781504
      },
      "runtimes_and_compilers": {
        "python3": {
          "path": "/usr/bin/python3",
          "version": [
            "Python 3.9.6"
          ]
        },
        "Rscript": {
          "path": "/opt/homebrew/bin/Rscript",
          "version": [
            "Rscript (R) version 4.6.1 (2026-06-24)"
          ]
        },
        "node": {
          "path": "/opt/homebrew/opt/node@24/bin/node",
          "version": [
            "v24.20.0"
          ]
        },
        "clang": {
          "path": "/usr/bin/clang",
          "version": [
            "Apple clang version 21.0.0 (clang-2100.3.34.2)",
            "Target: arm64-apple-darwin25.6.0"
          ]
        },
        "gcc": {
          "path": "/usr/bin/gcc",
          "version": [
            "Apple clang version 21.0.0 (clang-2100.3.34.2)",
            "Target: arm64-apple-darwin25.6.0"
          ]
        },
        "g++": {
          "path": "/usr/bin/g++",
          "version": [
            "Apple clang version 21.0.0 (clang-2100.3.34.2)",
            "Target: arm64-apple-darwin25.6.0"
          ]
        }
      },
      "accelerators": "not executed by resource probe; use calibrate in the selected interpreter",
      "checked_at": "2026-10-01T15:55:06.746913+00:00"
    },
    "probe_depth": "distribution metadata, module discoverability and machine resources; not backend execution",
    "host_features": {
      "vision": "not_probed",
      "network": "not_probed",
      "native_skill_loading": "not_probed",
      "subagents": "not_required"
    }
  },
  "status": "needs_host_setup",
  "blockers": [
    "Python >=3.10 is required by the bootstrap"
  ],
  "installation_executed": false,
  "scientific_validity_certified": false,
  "scope": "Selected local runtime only. Host tool permissions, provider APIs and scientific evidence require their own checks."
}


======================================================================
FAIL: test_all_19_standalone_setup_and_profile_resources (test_portability.PortableTests) (skill='literature-discovery')
----------------------------------------------------------------------
Traceback (most recent call last):
  File "/Users/luca/Documents/ChatGPT/学术skill/iteration-20260930061350/repository/academic-research-skills/tests/test_portability.py", line 226, in test_all_19_standalone_setup_and_profile_resources
    self.assertEqual(p.returncode,0,p.stdout+p.stderr);self.assertEqual(json.loads(p.stdout)['requirements']['packages'],[])
AssertionError: 3 != 0 : {
  "schema_version": "environment-plan-1",
  "version": "3.3.0-rc.1",
  "task_sha256": "206f948dd2fc520ca54a566e71d2a1ea5237ccad92b84f2ee18d46c129a2b10e",
  "requirements": {
    "backend": "host",
    "groups": [],
    "packages": [],
    "binaries": [],
    "notes": [],
    "dependency_selection": "operation-based minimal recipe",
    "upstream_manifest_review_required": true
  },
  "observed": {
    "executable": "/Applications/Xcode.app/Contents/Developer/usr/bin/python3",
    "python": [
      3,
      9,
      6
    ],
    "prefix": "/Applications/Xcode.app/Contents/Developer/Library/Frameworks/Python3.framework/Versions/3.9",
    "base_prefix": "/Applications/Xcode.app/Contents/Developer/Library/Frameworks/Python3.framework/Versions/3.9",
    "platform": "Darwin",
    "machine": "arm64",
    "packages": [],
    "accelerators": {
      "cpu": {
        "available": true
      },
      "cuda": {
        "available": null
      },
      "mps": {
        "available": null
      },
      "mlx": {
        "available": null
      }
    },
    "venv_available": true,
    "pip_available": true,
    "missing_packages": [],
    "missing_binaries": [],
    "python_compatible": false,
    "checked_at": "2026-10-01T15:55:06.880617+00:00",
    "resources": {
      "os": "Darwin",
      "os_release": "25.6.0",
      "architecture": "arm64",
      "cpu": "arm",
      "logical_threads": 18,
      "usable_threads": 18,
      "memory_total_bytes": 137438953472,
      "memory_available_bytes": 93729570816,
      "memory_available_scope": "OS available estimate; macOS free+inactive+speculative, not a reservation",
      "disk": {
        "path": "/Users/luca/Documents/ChatGPT/学术skill/iteration-20260930061350/repository",
        "total_bytes": 3996276899840,
        "free_bytes": 2003429220352
      },
      "runtimes_and_compilers": {
        "python3": {
          "path": "/usr/bin/python3",
          "version": [
            "Python 3.9.6"
          ]
        },
        "Rscript": {
          "path": "/opt/homebrew/bin/Rscript",
          "version": [
            "Rscript (R) version 4.6.1 (2026-06-24)"
          ]
        },
        "node": {
          "path": "/opt/homebrew/opt/node@24/bin/node",
          "version": [
            "v24.20.0"
          ]
        },
        "clang": {
          "path": "/usr/bin/clang",
          "version": [
            "Apple clang version 21.0.0 (clang-2100.3.34.2)",
            "Target: arm64-apple-darwin25.6.0"
          ]
        },
        "gcc": {
          "path": "/usr/bin/gcc",
          "version": [
            "Apple clang version 21.0.0 (clang-2100.3.34.2)",
            "Target: arm64-apple-darwin25.6.0"
          ]
        },
        "g++": {
          "path": "/usr/bin/g++",
          "version": [
            "Apple clang version 21.0.0 (clang-2100.3.34.2)",
            "Target: arm64-apple-darwin25.6.0"
          ]
        }
      },
      "accelerators": "not executed by resource probe; use calibrate in the selected interpreter",
      "checked_at": "2026-10-01T15:55:06.955623+00:00"
    },
    "probe_depth": "distribution metadata, module discoverability and machine resources; not backend execution",
    "host_features": {
      "vision": "not_probed",
      "network": "not_probed",
      "native_skill_loading": "not_probed",
      "subagents": "not_required"
    }
  },
  "status": "needs_host_setup",
  "blockers": [
    "Python >=3.10 is required by the bootstrap"
  ],
  "installation_executed": false,
  "scientific_validity_certified": false,
  "scope": "Selected local runtime only. Host tool permissions, provider APIs and scientific evidence require their own checks."
}


======================================================================
FAIL: test_all_19_standalone_setup_and_profile_resources (test_portability.PortableTests) (skill='manuscript-review')
----------------------------------------------------------------------
Traceback (most recent call last):
  File "/Users/luca/Documents/ChatGPT/学术skill/iteration-20260930061350/repository/academic-research-skills/tests/test_portability.py", line 226, in test_all_19_standalone_setup_and_profile_resources
    self.assertEqual(p.returncode,0,p.stdout+p.stderr);self.assertEqual(json.loads(p.stdout)['requirements']['packages'],[])
AssertionError: 3 != 0 : {
  "schema_version": "environment-plan-1",
  "version": "3.3.0-rc.1",
  "task_sha256": "206f948dd2fc520ca54a566e71d2a1ea5237ccad92b84f2ee18d46c129a2b10e",
  "requirements": {
    "backend": "host",
    "groups": [],
    "packages": [],
    "binaries": [],
    "notes": [],
    "dependency_selection": "operation-based minimal recipe",
    "upstream_manifest_review_required": true
  },
  "observed": {
    "executable": "/Applications/Xcode.app/Contents/Developer/usr/bin/python3",
    "python": [
      3,
      9,
      6
    ],
    "prefix": "/Applications/Xcode.app/Contents/Developer/Library/Frameworks/Python3.framework/Versions/3.9",
    "base_prefix": "/Applications/Xcode.app/Contents/Developer/Library/Frameworks/Python3.framework/Versions/3.9",
    "platform": "Darwin",
    "machine": "arm64",
    "packages": [],
    "accelerators": {
      "cpu": {
        "available": true
      },
      "cuda": {
        "available": null
      },
      "mps": {
        "available": null
      },
      "mlx": {
        "available": null
      }
    },
    "venv_available": true,
    "pip_available": true,
    "missing_packages": [],
    "missing_binaries": [],
    "python_compatible": false,
    "checked_at": "2026-10-01T15:55:07.085621+00:00",
    "resources": {
      "os": "Darwin",
      "os_release": "25.6.0",
      "architecture": "arm64",
      "cpu": "arm",
      "logical_threads": 18,
      "usable_threads": 18,
      "memory_total_bytes": 137438953472,
      "memory_available_bytes": 93774741504,
      "memory_available_scope": "OS available estimate; macOS free+inactive+speculative, not a reservation",
      "disk": {
        "path": "/Users/luca/Documents/ChatGPT/学术skill/iteration-20260930061350/repository",
        "total_bytes": 3996276899840,
        "free_bytes": 2003428655104
      },
      "runtimes_and_compilers": {
        "python3": {
          "path": "/usr/bin/python3",
          "version": [
            "Python 3.9.6"
          ]
        },
        "Rscript": {
          "path": "/opt/homebrew/bin/Rscript",
          "version": [
            "Rscript (R) version 4.6.1 (2026-06-24)"
          ]
        },
        "node": {
          "path": "/opt/homebrew/opt/node@24/bin/node",
          "version": [
            "v24.20.0"
          ]
        },
        "clang": {
          "path": "/usr/bin/clang",
          "version": [
            "Apple clang version 21.0.0 (clang-2100.3.34.2)",
            "Target: arm64-apple-darwin25.6.0"
          ]
        },
        "gcc": {
          "path": "/usr/bin/gcc",
          "version": [
            "Apple clang version 21.0.0 (clang-2100.3.34.2)",
            "Target: arm64-apple-darwin25.6.0"
          ]
        },
        "g++": {
          "path": "/usr/bin/g++",
          "version": [
            "Apple clang version 21.0.0 (clang-2100.3.34.2)",
            "Target: arm64-apple-darwin25.6.0"
          ]
        }
      },
      "accelerators": "not executed by resource probe; use calibrate in the selected interpreter",
      "checked_at": "2026-10-01T15:55:07.156387+00:00"
    },
    "probe_depth": "distribution metadata, module discoverability and machine resources; not backend execution",
    "host_features": {
      "vision": "not_probed",
      "network": "not_probed",
      "native_skill_loading": "not_probed",
      "subagents": "not_required"
    }
  },
  "status": "needs_host_setup",
  "blockers": [
    "Python >=3.10 is required by the bootstrap"
  ],
  "installation_executed": false,
  "scientific_validity_certified": false,
  "scope": "Selected local runtime only. Host tool permissions, provider APIs and scientific evidence require their own checks."
}


======================================================================
FAIL: test_all_19_standalone_setup_and_profile_resources (test_portability.PortableTests) (skill='manuscript-writing')
----------------------------------------------------------------------
Traceback (most recent call last):
  File "/Users/luca/Documents/ChatGPT/学术skill/iteration-20260930061350/repository/academic-research-skills/tests/test_portability.py", line 226, in test_all_19_standalone_setup_and_profile_resources
    self.assertEqual(p.returncode,0,p.stdout+p.stderr);self.assertEqual(json.loads(p.stdout)['requirements']['packages'],[])
AssertionError: 3 != 0 : {
  "schema_version": "environment-plan-1",
  "version": "3.3.0-rc.1",
  "task_sha256": "206f948dd2fc520ca54a566e71d2a1ea5237ccad92b84f2ee18d46c129a2b10e",
  "requirements": {
    "backend": "host",
    "groups": [],
    "packages": [],
    "binaries": [],
    "notes": [],
    "dependency_selection": "operation-based minimal recipe",
    "upstream_manifest_review_required": true
  },
  "observed": {
    "executable": "/Applications/Xcode.app/Contents/Developer/usr/bin/python3",
    "python": [
      3,
      9,
      6
    ],
    "prefix": "/Applications/Xcode.app/Contents/Developer/Library/Frameworks/Python3.framework/Versions/3.9",
    "base_prefix": "/Applications/Xcode.app/Contents/Developer/Library/Frameworks/Python3.framework/Versions/3.9",
    "platform": "Darwin",
    "machine": "arm64",
    "packages": [],
    "accelerators": {
      "cpu": {
        "available": true
      },
      "cuda": {
        "available": null
      },
      "mps": {
        "available": null
      },
      "mlx": {
        "available": null
      }
    },
    "venv_available": true,
    "pip_available": true,
    "missing_packages": [],
    "missing_binaries": [],
    "python_compatible": false,
    "checked_at": "2026-10-01T15:55:07.291690+00:00",
    "resources": {
      "os": "Darwin",
      "os_release": "25.6.0",
      "architecture": "arm64",
      "cpu": "arm",
      "logical_threads": 18,
      "usable_threads": 18,
      "memory_total_bytes": 137438953472,
      "memory_available_bytes": 93752246272,
      "memory_available_scope": "OS available estimate; macOS free+inactive+speculative, not a reservation",
      "disk": {
        "path": "/Users/luca/Documents/ChatGPT/学术skill/iteration-20260930061350/repository",
        "total_bytes": 3996276899840,
        "free_bytes": 2003428098048
      },
      "runtimes_and_compilers": {
        "python3": {
          "path": "/usr/bin/python3",
          "version": [
            "Python 3.9.6"
          ]
        },
        "Rscript": {
          "path": "/opt/homebrew/bin/Rscript",
          "version": [
            "Rscript (R) version 4.6.1 (2026-06-24)"
          ]
        },
        "node": {
          "path": "/opt/homebrew/opt/node@24/bin/node",
          "version": [
            "v24.20.0"
          ]
        },
        "clang": {
          "path": "/usr/bin/clang",
          "version": [
            "Apple clang version 21.0.0 (clang-2100.3.34.2)",
            "Target: arm64-apple-darwin25.6.0"
          ]
        },
        "gcc": {
          "path": "/usr/bin/gcc",
          "version": [
            "Apple clang version 21.0.0 (clang-2100.3.34.2)",
            "Target: arm64-apple-darwin25.6.0"
          ]
        },
        "g++": {
          "path": "/usr/bin/g++",
          "version": [
            "Apple clang version 21.0.0 (clang-2100.3.34.2)",
            "Target: arm64-apple-darwin25.6.0"
          ]
        }
      },
      "accelerators": "not executed by resource probe; use calibrate in the selected interpreter",
      "checked_at": "2026-10-01T15:55:07.366617+00:00"
    },
    "probe_depth": "distribution metadata, module discoverability and machine resources; not backend execution",
    "host_features": {
      "vision": "not_probed",
      "network": "not_probed",
      "native_skill_loading": "not_probed",
      "subagents": "not_required"
    }
  },
  "status": "needs_host_setup",
  "blockers": [
    "Python >=3.10 is required by the bootstrap"
  ],
  "installation_executed": false,
  "scientific_validity_certified": false,
  "scope": "Selected local runtime only. Host tool permissions, provider APIs and scientific evidence require their own checks."
}


======================================================================
FAIL: test_all_19_standalone_setup_and_profile_resources (test_portability.PortableTests) (skill='paper-deep-reading')
----------------------------------------------------------------------
Traceback (most recent call last):
  File "/Users/luca/Documents/ChatGPT/学术skill/iteration-20260930061350/repository/academic-research-skills/tests/test_portability.py", line 226, in test_all_19_standalone_setup_and_profile_resources
    self.assertEqual(p.returncode,0,p.stdout+p.stderr);self.assertEqual(json.loads(p.stdout)['requirements']['packages'],[])
AssertionError: 3 != 0 : {
  "schema_version": "environment-plan-1",
  "version": "3.3.0-rc.1",
  "task_sha256": "206f948dd2fc520ca54a566e71d2a1ea5237ccad92b84f2ee18d46c129a2b10e",
  "requirements": {
    "backend": "host",
    "groups": [],
    "packages": [],
    "binaries": [],
    "notes": [],
    "dependency_selection": "operation-based minimal recipe",
    "upstream_manifest_review_required": true
  },
  "observed": {
    "executable": "/Applications/Xcode.app/Contents/Developer/usr/bin/python3",
    "python": [
      3,
      9,
      6
    ],
    "prefix": "/Applications/Xcode.app/Contents/Developer/Library/Frameworks/Python3.framework/Versions/3.9",
    "base_prefix": "/Applications/Xcode.app/Contents/Developer/Library/Frameworks/Python3.framework/Versions/3.9",
    "platform": "Darwin",
    "machine": "arm64",
    "packages": [],
    "accelerators": {
      "cpu": {
        "available": true
      },
      "cuda": {
        "available": null
      },
      "mps": {
        "available": null
      },
      "mlx": {
        "available": null
      }
    },
    "venv_available": true,
    "pip_available": true,
    "missing_packages": [],
    "missing_binaries": [],
    "python_compatible": false,
    "checked_at": "2026-10-01T15:55:07.494278+00:00",
    "resources": {
      "os": "Darwin",
      "os_release": "25.6.0",
      "architecture": "arm64",
      "cpu": "arm",
      "logical_threads": 18,
      "usable_threads": 18,
      "memory_total_bytes": 137438953472,
      "memory_available_bytes": 93753507840,
      "memory_available_scope": "OS available estimate; macOS free+inactive+speculative, not a reservation",
      "disk": {
        "path": "/Users/luca/Documents/ChatGPT/学术skill/iteration-20260930061350/repository",
        "total_bytes": 3996276899840,
        "free_bytes": 2003427500032
      },
      "runtimes_and_compilers": {
        "python3": {
          "path": "/usr/bin/python3",
          "version": [
            "Python 3.9.6"
          ]
        },
        "Rscript": {
          "path": "/opt/homebrew/bin/Rscript",
          "version": [
            "Rscript (R) version 4.6.1 (2026-06-24)"
          ]
        },
        "node": {
          "path": "/opt/homebrew/opt/node@24/bin/node",
          "version": [
            "v24.20.0"
          ]
        },
        "clang": {
          "path": "/usr/bin/clang",
          "version": [
            "Apple clang version 21.0.0 (clang-2100.3.34.2)",
            "Target: arm64-apple-darwin25.6.0"
          ]
        },
        "gcc": {
          "path": "/usr/bin/gcc",
          "version": [
            "Apple clang version 21.0.0 (clang-2100.3.34.2)",
            "Target: arm64-apple-darwin25.6.0"
          ]
        },
        "g++": {
          "path": "/usr/bin/g++",
          "version": [
            "Apple clang version 21.0.0 (clang-2100.3.34.2)",
            "Target: arm64-apple-darwin25.6.0"
          ]
        }
      },
      "accelerators": "not executed by resource probe; use calibrate in the selected interpreter",
      "checked_at": "2026-10-01T15:55:07.564550+00:00"
    },
    "probe_depth": "distribution metadata, module discoverability and machine resources; not backend execution",
    "host_features": {
      "vision": "not_probed",
      "network": "not_probed",
      "native_skill_loading": "not_probed",
      "subagents": "not_required"
    }
  },
  "status": "needs_host_setup",
  "blockers": [
    "Python >=3.10 is required by the bootstrap"
  ],
  "installation_executed": false,
  "scientific_validity_certified": false,
  "scope": "Selected local runtime only. Host tool permissions, provider APIs and scientific evidence require their own checks."
}


======================================================================
FAIL: test_all_19_standalone_setup_and_profile_resources (test_portability.PortableTests) (skill='peer-review-response')
----------------------------------------------------------------------
Traceback (most recent call last):
  File "/Users/luca/Documents/ChatGPT/学术skill/iteration-20260930061350/repository/academic-research-skills/tests/test_portability.py", line 226, in test_all_19_standalone_setup_and_profile_resources
    self.assertEqual(p.returncode,0,p.stdout+p.stderr);self.assertEqual(json.loads(p.stdout)['requirements']['packages'],[])
AssertionError: 3 != 0 : {
  "schema_version": "environment-plan-1",
  "version": "3.3.0-rc.1",
  "task_sha256": "206f948dd2fc520ca54a566e71d2a1ea5237ccad92b84f2ee18d46c129a2b10e",
  "requirements": {
    "backend": "host",
    "groups": [],
    "packages": [],
    "binaries": [],
    "notes": [],
    "dependency_selection": "operation-based minimal recipe",
    "upstream_manifest_review_required": true
  },
  "observed": {
    "executable": "/Applications/Xcode.app/Contents/Developer/usr/bin/python3",
    "python": [
      3,
      9,
      6
    ],
    "prefix": "/Applications/Xcode.app/Contents/Developer/Library/Frameworks/Python3.framework/Versions/3.9",
    "base_prefix": "/Applications/Xcode.app/Contents/Developer/Library/Frameworks/Python3.framework/Versions/3.9",
    "platform": "Darwin",
    "machine": "arm64",
    "packages": [],
    "accelerators": {
      "cpu": {
        "available": true
      },
      "cuda": {
        "available": null
      },
      "mps": {
        "available": null
      },
      "mlx": {
        "available": null
      }
    },
    "venv_available": true,
    "pip_available": true,
    "missing_packages": [],
    "missing_binaries": [],
    "python_compatible": false,
    "checked_at": "2026-10-01T15:55:07.705970+00:00",
    "resources": {
      "os": "Darwin",
      "os_release": "25.6.0",
      "architecture": "arm64",
      "cpu": "arm",
      "logical_threads": 18,
      "usable_threads": 18,
      "memory_total_bytes": 137438953472,
      "memory_available_bytes": 93458677760,
      "memory_available_scope": "OS available estimate; macOS free+inactive+speculative, not a reservation",
      "disk": {
        "path": "/Users/luca/Documents/ChatGPT/学术skill/iteration-20260930061350/repository",
        "total_bytes": 3996276899840,
        "free_bytes": 2003426611200
      },
      "runtimes_and_compilers": {
        "python3": {
          "path": "/usr/bin/python3",
          "version": [
            "Python 3.9.6"
          ]
        },
        "Rscript": {
          "path": "/opt/homebrew/bin/Rscript",
          "version": [
            "Rscript (R) version 4.6.1 (2026-06-24)"
          ]
        },
        "node": {
          "path": "/opt/homebrew/opt/node@24/bin/node",
          "version": [
            "v24.20.0"
          ]
        },
        "clang": {
          "path": "/usr/bin/clang",
          "version": [
            "Apple clang version 21.0.0 (clang-2100.3.34.2)",
            "Target: arm64-apple-darwin25.6.0"
          ]
        },
        "gcc": {
          "path": "/usr/bin/gcc",
          "version": [
            "Apple clang version 21.0.0 (clang-2100.3.34.2)",
            "Target: arm64-apple-darwin25.6.0"
          ]
        },
        "g++": {
          "path": "/usr/bin/g++",
          "version": [
            "Apple clang version 21.0.0 (clang-2100.3.34.2)",
            "Target: arm64-apple-darwin25.6.0"
          ]
        }
      },
      "accelerators": "not executed by resource probe; use calibrate in the selected interpreter",
      "checked_at": "2026-10-01T15:55:07.778710+00:00"
    },
    "probe_depth": "distribution metadata, module discoverability and machine resources; not backend execution",
    "host_features": {
      "vision": "not_probed",
      "network": "not_probed",
      "native_skill_loading": "not_probed",
      "subagents": "not_required"
    }
  },
  "status": "needs_host_setup",
  "blockers": [
    "Python >=3.10 is required by the bootstrap"
  ],
  "installation_executed": false,
  "scientific_validity_certified": false,
  "scope": "Selected local runtime only. Host tool permissions, provider APIs and scientific evidence require their own checks."
}


======================================================================
FAIL: test_all_19_standalone_setup_and_profile_resources (test_portability.PortableTests) (skill='publication-stewardship')
----------------------------------------------------------------------
Traceback (most recent call last):
  File "/Users/luca/Documents/ChatGPT/学术skill/iteration-20260930061350/repository/academic-research-skills/tests/test_portability.py", line 226, in test_all_19_standalone_setup_and_profile_resources
    self.assertEqual(p.returncode,0,p.stdout+p.stderr);self.assertEqual(json.loads(p.stdout)['requirements']['packages'],[])
AssertionError: 3 != 0 : {
  "schema_version": "environment-plan-1",
  "version": "3.3.0-rc.1",
  "task_sha256": "206f948dd2fc520ca54a566e71d2a1ea5237ccad92b84f2ee18d46c129a2b10e",
  "requirements": {
    "backend": "host",
    "groups": [],
    "packages": [],
    "binaries": [],
    "notes": [],
    "dependency_selection": "operation-based minimal recipe",
    "upstream_manifest_review_required": true
  },
  "observed": {
    "executable": "/Applications/Xcode.app/Contents/Developer/usr/bin/python3",
    "python": [
      3,
      9,
      6
    ],
    "prefix": "/Applications/Xcode.app/Contents/Developer/Library/Frameworks/Python3.framework/Versions/3.9",
    "base_prefix": "/Applications/Xcode.app/Contents/Developer/Library/Frameworks/Python3.framework/Versions/3.9",
    "platform": "Darwin",
    "machine": "arm64",
    "packages": [],
    "accelerators": {
      "cpu": {
        "available": true
      },
      "cuda": {
        "available": null
      },
      "mps": {
        "available": null
      },
      "mlx": {
        "available": null
      }
    },
    "venv_available": true,
    "pip_available": true,
    "missing_packages": [],
    "missing_binaries": [],
    "python_compatible": false,
    "checked_at": "2026-10-01T15:55:07.914147+00:00",
    "resources": {
      "os": "Darwin",
      "os_release": "25.6.0",
      "architecture": "arm64",
      "cpu": "arm",
      "logical_threads": 18,
      "usable_threads": 18,
      "memory_total_bytes": 137438953472,
      "memory_available_bytes": 93513203712,
      "memory_available_scope": "OS available estimate; macOS free+inactive+speculative, not a reservation",
      "disk": {
        "path": "/Users/luca/Documents/ChatGPT/学术skill/iteration-20260930061350/repository",
        "total_bytes": 3996276899840,
        "free_bytes": 2003426045952
      },
      "runtimes_and_compilers": {
        "python3": {
          "path": "/usr/bin/python3",
          "version": [
            "Python 3.9.6"
          ]
        },
        "Rscript": {
          "path": "/opt/homebrew/bin/Rscript",
          "version": [
            "Rscript (R) version 4.6.1 (2026-06-24)"
          ]
        },
        "node": {
          "path": "/opt/homebrew/opt/node@24/bin/node",
          "version": [
            "v24.20.0"
          ]
        },
        "clang": {
          "path": "/usr/bin/clang",
          "version": [
            "Apple clang version 21.0.0 (clang-2100.3.34.2)",
            "Target: arm64-apple-darwin25.6.0"
          ]
        },
        "gcc": {
          "path": "/usr/bin/gcc",
          "version": [
            "Apple clang version 21.0.0 (clang-2100.3.34.2)",
            "Target: arm64-apple-darwin25.6.0"
          ]
        },
        "g++": {
          "path": "/usr/bin/g++",
          "version": [
            "Apple clang version 21.0.0 (clang-2100.3.34.2)",
            "Target: arm64-apple-darwin25.6.0"
          ]
        }
      },
      "accelerators": "not executed by resource probe; use calibrate in the selected interpreter",
      "checked_at": "2026-10-01T15:55:07.985935+00:00"
    },
    "probe_depth": "distribution metadata, module discoverability and machine resources; not backend execution",
    "host_features": {
      "vision": "not_probed",
      "network": "not_probed",
      "native_skill_loading": "not_probed",
      "subagents": "not_required"
    }
  },
  "status": "needs_host_setup",
  "blockers": [
    "Python >=3.10 is required by the bootstrap"
  ],
  "installation_executed": false,
  "scientific_validity_certified": false,
  "scope": "Selected local runtime only. Host tool permissions, provider APIs and scientific evidence require their own checks."
}


======================================================================
FAIL: test_all_19_standalone_setup_and_profile_resources (test_portability.PortableTests) (skill='research-design')
----------------------------------------------------------------------
Traceback (most recent call last):
  File "/Users/luca/Documents/ChatGPT/学术skill/iteration-20260930061350/repository/academic-research-skills/tests/test_portability.py", line 226, in test_all_19_standalone_setup_and_profile_resources
    self.assertEqual(p.returncode,0,p.stdout+p.stderr);self.assertEqual(json.loads(p.stdout)['requirements']['packages'],[])
AssertionError: 3 != 0 : {
  "schema_version": "environment-plan-1",
  "version": "3.3.0-rc.1",
  "task_sha256": "206f948dd2fc520ca54a566e71d2a1ea5237ccad92b84f2ee18d46c129a2b10e",
  "requirements": {
    "backend": "host",
    "groups": [],
    "packages": [],
    "binaries": [],
    "notes": [],
    "dependency_selection": "operation-based minimal recipe",
    "upstream_manifest_review_required": true
  },
  "observed": {
    "executable": "/Applications/Xcode.app/Contents/Developer/usr/bin/python3",
    "python": [
      3,
      9,
      6
    ],
    "prefix": "/Applications/Xcode.app/Contents/Developer/Library/Frameworks/Python3.framework/Versions/3.9",
    "base_prefix": "/Applications/Xcode.app/Contents/Developer/Library/Frameworks/Python3.framework/Versions/3.9",
    "platform": "Darwin",
    "machine": "arm64",
    "packages": [],
    "accelerators": {
      "cpu": {
        "available": true
      },
      "cuda": {
        "available": null
      },
      "mps": {
        "available": null
      },
      "mlx": {
        "available": null
      }
    },
    "venv_available": true,
    "pip_available": true,
    "missing_packages": [],
    "missing_binaries": [],
    "python_compatible": false,
    "checked_at": "2026-10-01T15:55:08.120008+00:00",
    "resources": {
      "os": "Darwin",
      "os_release": "25.6.0",
      "architecture": "arm64",
      "cpu": "arm",
      "logical_threads": 18,
      "usable_threads": 18,
      "memory_total_bytes": 137438953472,
      "memory_available_bytes": 93570711552,
      "memory_available_scope": "OS available estimate; macOS free+inactive+speculative, not a reservation",
      "disk": {
        "path": "/Users/luca/Documents/ChatGPT/学术skill/iteration-20260930061350/repository",
        "total_bytes": 3996276899840,
        "free_bytes": 2003425406976
      },
      "runtimes_and_compilers": {
        "python3": {
          "path": "/usr/bin/python3",
          "version": [
            "Python 3.9.6"
          ]
        },
        "Rscript": {
          "path": "/opt/homebrew/bin/Rscript",
          "version": [
            "Rscript (R) version 4.6.1 (2026-06-24)"
          ]
        },
        "node": {
          "path": "/opt/homebrew/opt/node@24/bin/node",
          "version": [
            "v24.20.0"
          ]
        },
        "clang": {
          "path": "/usr/bin/clang",
          "version": [
            "Apple clang version 21.0.0 (clang-2100.3.34.2)",
            "Target: arm64-apple-darwin25.6.0"
          ]
        },
        "gcc": {
          "path": "/usr/bin/gcc",
          "version": [
            "Apple clang version 21.0.0 (clang-2100.3.34.2)",
            "Target: arm64-apple-darwin25.6.0"
          ]
        },
        "g++": {
          "path": "/usr/bin/g++",
          "version": [
            "Apple clang version 21.0.0 (clang-2100.3.34.2)",
            "Target: arm64-apple-darwin25.6.0"
          ]
        }
      },
      "accelerators": "not executed by resource probe; use calibrate in the selected interpreter",
      "checked_at": "2026-10-01T15:55:08.199336+00:00"
    },
    "probe_depth": "distribution metadata, module discoverability and machine resources; not backend execution",
    "host_features": {
      "vision": "not_probed",
      "network": "not_probed",
      "native_skill_loading": "not_probed",
      "subagents": "not_required"
    }
  },
  "status": "needs_host_setup",
  "blockers": [
    "Python >=3.10 is required by the bootstrap"
  ],
  "installation_executed": false,
  "scientific_validity_certified": false,
  "scope": "Selected local runtime only. Host tool permissions, provider APIs and scientific evidence require their own checks."
}


======================================================================
FAIL: test_all_19_standalone_setup_and_profile_resources (test_portability.PortableTests) (skill='research-intake')
----------------------------------------------------------------------
Traceback (most recent call last):
  File "/Users/luca/Documents/ChatGPT/学术skill/iteration-20260930061350/repository/academic-research-skills/tests/test_portability.py", line 226, in test_all_19_standalone_setup_and_profile_resources
    self.assertEqual(p.returncode,0,p.stdout+p.stderr);self.assertEqual(json.loads(p.stdout)['requirements']['packages'],[])
AssertionError: 3 != 0 : {
  "schema_version": "environment-plan-1",
  "version": "3.3.0-rc.1",
  "task_sha256": "206f948dd2fc520ca54a566e71d2a1ea5237ccad92b84f2ee18d46c129a2b10e",
  "requirements": {
    "backend": "host",
    "groups": [],
    "packages": [],
    "binaries": [],
    "notes": [],
    "dependency_selection": "operation-based minimal recipe",
    "upstream_manifest_review_required": true
  },
  "observed": {
    "executable": "/Applications/Xcode.app/Contents/Developer/usr/bin/python3",
    "python": [
      3,
      9,
      6
    ],
    "prefix": "/Applications/Xcode.app/Contents/Developer/Library/Frameworks/Python3.framework/Versions/3.9",
    "base_prefix": "/Applications/Xcode.app/Contents/Developer/Library/Frameworks/Python3.framework/Versions/3.9",
    "platform": "Darwin",
    "machine": "arm64",
    "packages": [],
    "accelerators": {
      "cpu": {
        "available": true
      },
      "cuda": {
        "available": null
      },
      "mps": {
        "available": null
      },
      "mlx": {
        "available": null
      }
    },
    "venv_available": true,
    "pip_available": true,
    "missing_packages": [],
    "missing_binaries": [],
    "python_compatible": false,
    "checked_at": "2026-10-01T15:55:08.336364+00:00",
    "resources": {
      "os": "Darwin",
      "os_release": "25.6.0",
      "architecture": "arm64",
      "cpu": "arm",
      "logical_threads": 18,
      "usable_threads": 18,
      "memory_total_bytes": 137438953472,
      "memory_available_bytes": 93341073408,
      "memory_available_scope": "OS available estimate; macOS free+inactive+speculative, not a reservation",
      "disk": {
        "path": "/Users/luca/Documents/ChatGPT/学术skill/iteration-20260930061350/repository",
        "total_bytes": 3996276899840,
        "free_bytes": 2003424841728
      },
      "runtimes_and_compilers": {
        "python3": {
          "path": "/usr/bin/python3",
          "version": [
            "Python 3.9.6"
          ]
        },
        "Rscript": {
          "path": "/opt/homebrew/bin/Rscript",
          "version": [
            "Rscript (R) version 4.6.1 (2026-06-24)"
          ]
        },
        "node": {
          "path": "/opt/homebrew/opt/node@24/bin/node",
          "version": [
            "v24.20.0"
          ]
        },
        "clang": {
          "path": "/usr/bin/clang",
          "version": [
            "Apple clang version 21.0.0 (clang-2100.3.34.2)",
            "Target: arm64-apple-darwin25.6.0"
          ]
        },
        "gcc": {
          "path": "/usr/bin/gcc",
          "version": [
            "Apple clang version 21.0.0 (clang-2100.3.34.2)",
            "Target: arm64-apple-darwin25.6.0"
          ]
        },
        "g++": {
          "path": "/usr/bin/g++",
          "version": [
            "Apple clang version 21.0.0 (clang-2100.3.34.2)",
            "Target: arm64-apple-darwin25.6.0"
          ]
        }
      },
      "accelerators": "not executed by resource probe; use calibrate in the selected interpreter",
      "checked_at": "2026-10-01T15:55:08.411662+00:00"
    },
    "probe_depth": "distribution metadata, module discoverability and machine resources; not backend execution",
    "host_features": {
      "vision": "not_probed",
      "network": "not_probed",
      "native_skill_loading": "not_probed",
      "subagents": "not_required"
    }
  },
  "status": "needs_host_setup",
  "blockers": [
    "Python >=3.10 is required by the bootstrap"
  ],
  "installation_executed": false,
  "scientific_validity_certified": false,
  "scope": "Selected local runtime only. Host tool permissions, provider APIs and scientific evidence require their own checks."
}


======================================================================
FAIL: test_all_19_standalone_setup_and_profile_resources (test_portability.PortableTests) (skill='research-paper-workflow')
----------------------------------------------------------------------
Traceback (most recent call last):
  File "/Users/luca/Documents/ChatGPT/学术skill/iteration-20260930061350/repository/academic-research-skills/tests/test_portability.py", line 226, in test_all_19_standalone_setup_and_profile_resources
    self.assertEqual(p.returncode,0,p.stdout+p.stderr);self.assertEqual(json.loads(p.stdout)['requirements']['packages'],[])
AssertionError: 3 != 0 : {
  "schema_version": "environment-plan-1",
  "version": "3.3.0-rc.1",
  "task_sha256": "206f948dd2fc520ca54a566e71d2a1ea5237ccad92b84f2ee18d46c129a2b10e",
  "requirements": {
    "backend": "host",
    "groups": [],
    "packages": [],
    "binaries": [],
    "notes": [],
    "dependency_selection": "operation-based minimal recipe",
    "upstream_manifest_review_required": true
  },
  "observed": {
    "executable": "/Applications/Xcode.app/Contents/Developer/usr/bin/python3",
    "python": [
      3,
      9,
      6
    ],
    "prefix": "/Applications/Xcode.app/Contents/Developer/Library/Frameworks/Python3.framework/Versions/3.9",
    "base_prefix": "/Applications/Xcode.app/Contents/Developer/Library/Frameworks/Python3.framework/Versions/3.9",
    "platform": "Darwin",
    "machine": "arm64",
    "packages": [],
    "accelerators": {
      "cpu": {
        "available": true
      },
      "cuda": {
        "available": null
      },
      "mps": {
        "available": null
      },
      "mlx": {
        "available": null
      }
    },
    "venv_available": true,
    "pip_available": true,
    "missing_packages": [],
    "missing_binaries": [],
    "python_compatible": false,
    "checked_at": "2026-10-01T15:55:08.554876+00:00",
    "resources": {
      "os": "Darwin",
      "os_release": "25.6.0",
      "architecture": "arm64",
      "cpu": "arm",
      "logical_threads": 18,
      "usable_threads": 18,
      "memory_total_bytes": 137438953472,
      "memory_available_bytes": 92951789568,
      "memory_available_scope": "OS available estimate; macOS free+inactive+speculative, not a reservation",
      "disk": {
        "path": "/Users/luca/Documents/ChatGPT/学术skill/iteration-20260930061350/repository",
        "total_bytes": 3996276899840,
        "free_bytes": 2003424260096
      },
      "runtimes_and_compilers": {
        "python3": {
          "path": "/usr/bin/python3",
          "version": [
            "Python 3.9.6"
          ]
        },
        "Rscript": {
          "path": "/opt/homebrew/bin/Rscript",
          "version": [
            "Rscript (R) version 4.6.1 (2026-06-24)"
          ]
        },
        "node": {
          "path": "/opt/homebrew/opt/node@24/bin/node",
          "version": [
            "v24.20.0"
          ]
        },
        "clang": {
          "path": "/usr/bin/clang",
          "version": [
            "Apple clang version 21.0.0 (clang-2100.3.34.2)",
            "Target: arm64-apple-darwin25.6.0"
          ]
        },
        "gcc": {
          "path": "/usr/bin/gcc",
          "version": [
            "Apple clang version 21.0.0 (clang-2100.3.34.2)",
            "Target: arm64-apple-darwin25.6.0"
          ]
        },
        "g++": {
          "path": "/usr/bin/g++",
          "version": [
            "Apple clang version 21.0.0 (clang-2100.3.34.2)",
            "Target: arm64-apple-darwin25.6.0"
          ]
        }
      },
      "accelerators": "not executed by resource probe; use calibrate in the selected interpreter",
      "checked_at": "2026-10-01T15:55:08.626187+00:00"
    },
    "probe_depth": "distribution metadata, module discoverability and machine resources; not backend execution",
    "host_features": {
      "vision": "not_probed",
      "network": "not_probed",
      "native_skill_loading": "not_probed",
      "subagents": "not_required"
    }
  },
  "status": "needs_host_setup",
  "blockers": [
    "Python >=3.10 is required by the bootstrap"
  ],
  "installation_executed": false,
  "scientific_validity_certified": false,
  "scope": "Selected local runtime only. Host tool permissions, provider APIs and scientific evidence require their own checks."
}


======================================================================
FAIL: test_all_19_standalone_setup_and_profile_resources (test_portability.PortableTests) (skill='robustness-reproducibility')
----------------------------------------------------------------------
Traceback (most recent call last):
  File "/Users/luca/Documents/ChatGPT/学术skill/iteration-20260930061350/repository/academic-research-skills/tests/test_portability.py", line 226, in test_all_19_standalone_setup_and_profile_resources
    self.assertEqual(p.returncode,0,p.stdout+p.stderr);self.assertEqual(json.loads(p.stdout)['requirements']['packages'],[])
AssertionError: 3 != 0 : {
  "schema_version": "environment-plan-1",
  "version": "3.3.0-rc.1",
  "task_sha256": "206f948dd2fc520ca54a566e71d2a1ea5237ccad92b84f2ee18d46c129a2b10e",
  "requirements": {
    "backend": "host",
    "groups": [],
    "packages": [],
    "binaries": [],
    "notes": [],
    "dependency_selection": "operation-based minimal recipe",
    "upstream_manifest_review_required": true
  },
  "observed": {
    "executable": "/Applications/Xcode.app/Contents/Developer/usr/bin/python3",
    "python": [
      3,
      9,
      6
    ],
    "prefix": "/Applications/Xcode.app/Contents/Developer/Library/Frameworks/Python3.framework/Versions/3.9",
    "base_prefix": "/Applications/Xcode.app/Contents/Developer/Library/Frameworks/Python3.framework/Versions/3.9",
    "platform": "Darwin",
    "machine": "arm64",
    "packages": [],
    "accelerators": {
      "cpu": {
        "available": true
      },
      "cuda": {
        "available": null
      },
      "mps": {
        "available": null
      },
      "mlx": {
        "available": null
      }
    },
    "venv_available": true,
    "pip_available": true,
    "missing_packages": [],
    "missing_binaries": [],
    "python_compatible": false,
    "checked_at": "2026-10-01T15:55:08.752334+00:00",
    "resources": {
      "os": "Darwin",
      "os_release": "25.6.0",
      "architecture": "arm64",
      "cpu": "arm",
      "logical_threads": 18,
      "usable_threads": 18,
      "memory_total_bytes": 137438953472,
      "memory_available_bytes": 92950593536,
      "memory_available_scope": "OS available estimate; macOS free+inactive+speculative, not a reservation",
      "disk": {
        "path": "/Users/luca/Documents/ChatGPT/学术skill/iteration-20260930061350/repository",
        "total_bytes": 3996276899840,
        "free_bytes": 2003423670272
      },
      "runtimes_and_compilers": {
        "python3": {
          "path": "/usr/bin/python3",
          "version": [
            "Python 3.9.6"
          ]
        },
        "Rscript": {
          "path": "/opt/homebrew/bin/Rscript",
          "version": [
            "Rscript (R) version 4.6.1 (2026-06-24)"
          ]
        },
        "node": {
          "path": "/opt/homebrew/opt/node@24/bin/node",
          "version": [
            "v24.20.0"
          ]
        },
        "clang": {
          "path": "/usr/bin/clang",
          "version": [
            "Apple clang version 21.0.0 (clang-2100.3.34.2)",
            "Target: arm64-apple-darwin25.6.0"
          ]
        },
        "gcc": {
          "path": "/usr/bin/gcc",
          "version": [
            "Apple clang version 21.0.0 (clang-2100.3.34.2)",
            "Target: arm64-apple-darwin25.6.0"
          ]
        },
        "g++": {
          "path": "/usr/bin/g++",
          "version": [
            "Apple clang version 21.0.0 (clang-2100.3.34.2)",
            "Target: arm64-apple-darwin25.6.0"
          ]
        }
      },
      "accelerators": "not executed by resource probe; use calibrate in the selected interpreter",
      "checked_at": "2026-10-01T15:55:08.822184+00:00"
    },
    "probe_depth": "distribution metadata, module discoverability and machine resources; not backend execution",
    "host_features": {
      "vision": "not_probed",
      "network": "not_probed",
      "native_skill_loading": "not_probed",
      "subagents": "not_required"
    }
  },
  "status": "needs_host_setup",
  "blockers": [
    "Python >=3.10 is required by the bootstrap"
  ],
  "installation_executed": false,
  "scientific_validity_certified": false,
  "scope": "Selected local runtime only. Host tool permissions, provider APIs and scientific evidence require their own checks."
}


======================================================================
FAIL: test_all_19_standalone_setup_and_profile_resources (test_portability.PortableTests) (skill='scientific-visualization')
----------------------------------------------------------------------
Traceback (most recent call last):
  File "/Users/luca/Documents/ChatGPT/学术skill/iteration-20260930061350/repository/academic-research-skills/tests/test_portability.py", line 226, in test_all_19_standalone_setup_and_profile_resources
    self.assertEqual(p.returncode,0,p.stdout+p.stderr);self.assertEqual(json.loads(p.stdout)['requirements']['packages'],[])
AssertionError: 3 != 0 : {
  "schema_version": "environment-plan-1",
  "version": "3.3.0-rc.1",
  "task_sha256": "206f948dd2fc520ca54a566e71d2a1ea5237ccad92b84f2ee18d46c129a2b10e",
  "requirements": {
    "backend": "host",
    "groups": [],
    "packages": [],
    "binaries": [],
    "notes": [],
    "dependency_selection": "operation-based minimal recipe",
    "upstream_manifest_review_required": true
  },
  "observed": {
    "executable": "/Applications/Xcode.app/Contents/Developer/usr/bin/python3",
    "python": [
      3,
      9,
      6
    ],
    "prefix": "/Applications/Xcode.app/Contents/Developer/Library/Frameworks/Python3.framework/Versions/3.9",
    "base_prefix": "/Applications/Xcode.app/Contents/Developer/Library/Frameworks/Python3.framework/Versions/3.9",
    "platform": "Darwin",
    "machine": "arm64",
    "packages": [],
    "accelerators": {
      "cpu": {
        "available": true
      },
      "cuda": {
        "available": null
      },
      "mps": {
        "available": null
      },
      "mlx": {
        "available": null
      }
    },
    "venv_available": true,
    "pip_available": true,
    "missing_packages": [],
    "missing_binaries": [],
    "python_compatible": false,
    "checked_at": "2026-10-01T15:55:08.952465+00:00",
    "resources": {
      "os": "Darwin",
      "os_release": "25.6.0",
      "architecture": "arm64",
      "cpu": "arm",
      "logical_threads": 18,
      "usable_threads": 18,
      "memory_total_bytes": 137438953472,
      "memory_available_bytes": 93134045184,
      "memory_available_scope": "OS available estimate; macOS free+inactive+speculative, not a reservation",
      "disk": {
        "path": "/Users/luca/Documents/ChatGPT/学术skill/iteration-20260930061350/repository",
        "total_bytes": 3996276899840,
        "free_bytes": 2003423088640
      },
      "runtimes_and_compilers": {
        "python3": {
          "path": "/usr/bin/python3",
          "version": [
            "Python 3.9.6"
          ]
        },
        "Rscript": {
          "path": "/opt/homebrew/bin/Rscript",
          "version": [
            "Rscript (R) version 4.6.1 (2026-06-24)"
          ]
        },
        "node": {
          "path": "/opt/homebrew/opt/node@24/bin/node",
          "version": [
            "v24.20.0"
          ]
        },
        "clang": {
          "path": "/usr/bin/clang",
          "version": [
            "Apple clang version 21.0.0 (clang-2100.3.34.2)",
            "Target: arm64-apple-darwin25.6.0"
          ]
        },
        "gcc": {
          "path": "/usr/bin/gcc",
          "version": [
            "Apple clang version 21.0.0 (clang-2100.3.34.2)",
            "Target: arm64-apple-darwin25.6.0"
          ]
        },
        "g++": {
          "path": "/usr/bin/g++",
          "version": [
            "Apple clang version 21.0.0 (clang-2100.3.34.2)",
            "Target: arm64-apple-darwin25.6.0"
          ]
        }
      },
      "accelerators": "not executed by resource probe; use calibrate in the selected interpreter",
      "checked_at": "2026-10-01T15:55:09.028341+00:00"
    },
    "probe_depth": "distribution metadata, module discoverability and machine resources; not backend execution",
    "host_features": {
      "vision": "not_probed",
      "network": "not_probed",
      "native_skill_loading": "not_probed",
      "subagents": "not_required"
    }
  },
  "status": "needs_host_setup",
  "blockers": [
    "Python >=3.10 is required by the bootstrap"
  ],
  "installation_executed": false,
  "scientific_validity_certified": false,
  "scope": "Selected local runtime only. Host tool permissions, provider APIs and scientific evidence require their own checks."
}


======================================================================
FAIL: test_all_19_standalone_setup_and_profile_resources (test_portability.PortableTests) (skill='submission-packaging')
----------------------------------------------------------------------
Traceback (most recent call last):
  File "/Users/luca/Documents/ChatGPT/学术skill/iteration-20260930061350/repository/academic-research-skills/tests/test_portability.py", line 226, in test_all_19_standalone_setup_and_profile_resources
    self.assertEqual(p.returncode,0,p.stdout+p.stderr);self.assertEqual(json.loads(p.stdout)['requirements']['packages'],[])
AssertionError: 3 != 0 : {
  "schema_version": "environment-plan-1",
  "version": "3.3.0-rc.1",
  "task_sha256": "206f948dd2fc520ca54a566e71d2a1ea5237ccad92b84f2ee18d46c129a2b10e",
  "requirements": {
    "backend": "host",
    "groups": [],
    "packages": [],
    "binaries": [],
    "notes": [],
    "dependency_selection": "operation-based minimal recipe",
    "upstream_manifest_review_required": true
  },
  "observed": {
    "executable": "/Applications/Xcode.app/Contents/Developer/usr/bin/python3",
    "python": [
      3,
      9,
      6
    ],
    "prefix": "/Applications/Xcode.app/Contents/Developer/Library/Frameworks/Python3.framework/Versions/3.9",
    "base_prefix": "/Applications/Xcode.app/Contents/Developer/Library/Frameworks/Python3.framework/Versions/3.9",
    "platform": "Darwin",
    "machine": "arm64",
    "packages": [],
    "accelerators": {
      "cpu": {
        "available": true
      },
      "cuda": {
        "available": null
      },
      "mps": {
        "available": null
      },
      "mlx": {
        "available": null
      }
    },
    "venv_available": true,
    "pip_available": true,
    "missing_packages": [],
    "missing_binaries": [],
    "python_compatible": false,
    "checked_at": "2026-10-01T15:55:09.168539+00:00",
    "resources": {
      "os": "Darwin",
      "os_release": "25.6.0",
      "architecture": "arm64",
      "cpu": "arm",
      "logical_threads": 18,
      "usable_threads": 18,
      "memory_total_bytes": 137438953472,
      "memory_available_bytes": 92761718784,
      "memory_available_scope": "OS available estimate; macOS free+inactive+speculative, not a reservation",
      "disk": {
        "path": "/Users/luca/Documents/ChatGPT/学术skill/iteration-20260930061350/repository",
        "total_bytes": 3996276899840,
        "free_bytes": 2003422482432
      },
      "runtimes_and_compilers": {
        "python3": {
          "path": "/usr/bin/python3",
          "version": [
            "Python 3.9.6"
          ]
        },
        "Rscript": {
          "path": "/opt/homebrew/bin/Rscript",
          "version": [
            "Rscript (R) version 4.6.1 (2026-06-24)"
          ]
        },
        "node": {
          "path": "/opt/homebrew/opt/node@24/bin/node",
          "version": [
            "v24.20.0"
          ]
        },
        "clang": {
          "path": "/usr/bin/clang",
          "version": [
            "Apple clang version 21.0.0 (clang-2100.3.34.2)",
            "Target: arm64-apple-darwin25.6.0"
          ]
        },
        "gcc": {
          "path": "/usr/bin/gcc",
          "version": [
            "Apple clang version 21.0.0 (clang-2100.3.34.2)",
            "Target: arm64-apple-darwin25.6.0"
          ]
        },
        "g++": {
          "path": "/usr/bin/g++",
          "version": [
            "Apple clang version 21.0.0 (clang-2100.3.34.2)",
            "Target: arm64-apple-darwin25.6.0"
          ]
        }
      },
      "accelerators": "not executed by resource probe; use calibrate in the selected interpreter",
      "checked_at": "2026-10-01T15:55:09.250582+00:00"
    },
    "probe_depth": "distribution metadata, module discoverability and machine resources; not backend execution",
    "host_features": {
      "vision": "not_probed",
      "network": "not_probed",
      "native_skill_loading": "not_probed",
      "subagents": "not_required"
    }
  },
  "status": "needs_host_setup",
  "blockers": [
    "Python >=3.10 is required by the bootstrap"
  ],
  "installation_executed": false,
  "scientific_validity_certified": false,
  "scope": "Selected local runtime only. Host tool permissions, provider APIs and scientific evidence require their own checks."
}


======================================================================
FAIL: test_all_19_standalone_setup_and_profile_resources (test_portability.PortableTests) (skill='topic-novelty')
----------------------------------------------------------------------
Traceback (most recent call last):
  File "/Users/luca/Documents/ChatGPT/学术skill/iteration-20260930061350/repository/academic-research-skills/tests/test_portability.py", line 226, in test_all_19_standalone_setup_and_profile_resources
    self.assertEqual(p.returncode,0,p.stdout+p.stderr);self.assertEqual(json.loads(p.stdout)['requirements']['packages'],[])
AssertionError: 3 != 0 : {
  "schema_version": "environment-plan-1",
  "version": "3.3.0-rc.1",
  "task_sha256": "206f948dd2fc520ca54a566e71d2a1ea5237ccad92b84f2ee18d46c129a2b10e",
  "requirements": {
    "backend": "host",
    "groups": [],
    "packages": [],
    "binaries": [],
    "notes": [],
    "dependency_selection": "operation-based minimal recipe",
    "upstream_manifest_review_required": true
  },
  "observed": {
    "executable": "/Applications/Xcode.app/Contents/Developer/usr/bin/python3",
    "python": [
      3,
      9,
      6
    ],
    "prefix": "/Applications/Xcode.app/Contents/Developer/Library/Frameworks/Python3.framework/Versions/3.9",
    "base_prefix": "/Applications/Xcode.app/Contents/Developer/Library/Frameworks/Python3.framework/Versions/3.9",
    "platform": "Darwin",
    "machine": "arm64",
    "packages": [],
    "accelerators": {
      "cpu": {
        "available": true
      },
      "cuda": {
        "available": null
      },
      "mps": {
        "available": null
      },
      "mlx": {
        "available": null
      }
    },
    "venv_available": true,
    "pip_available": true,
    "missing_packages": [],
    "missing_binaries": [],
    "python_compatible": false,
    "checked_at": "2026-10-01T15:55:09.402466+00:00",
    "resources": {
      "os": "Darwin",
      "os_release": "25.6.0",
      "architecture": "arm64",
      "cpu": "arm",
      "logical_threads": 18,
      "usable_threads": 18,
      "memory_total_bytes": 137438953472,
      "memory_available_bytes": 92347580416,
      "memory_available_scope": "OS available estimate; macOS free+inactive+speculative, not a reservation",
      "disk": {
        "path": "/Users/luca/Documents/ChatGPT/学术skill/iteration-20260930061350/repository",
        "total_bytes": 3996276899840,
        "free_bytes": 2003421896704
      },
      "runtimes_and_compilers": {
        "python3": {
          "path": "/usr/bin/python3",
          "version": [
            "Python 3.9.6"
          ]
        },
        "Rscript": {
          "path": "/opt/homebrew/bin/Rscript",
          "version": [
            "Rscript (R) version 4.6.1 (2026-06-24)"
          ]
        },
        "node": {
          "path": "/opt/homebrew/opt/node@24/bin/node",
          "version": [
            "v24.20.0"
          ]
        },
        "clang": {
          "path": "/usr/bin/clang",
          "version": [
            "Apple clang version 21.0.0 (clang-2100.3.34.2)",
            "Target: arm64-apple-darwin25.6.0"
          ]
        },
        "gcc": {
          "path": "/usr/bin/gcc",
          "version": [
            "Apple clang version 21.0.0 (clang-2100.3.34.2)",
            "Target: arm64-apple-darwin25.6.0"
          ]
        },
        "g++": {
          "path": "/usr/bin/g++",
          "version": [
            "Apple clang version 21.0.0 (clang-2100.3.34.2)",
            "Target: arm64-apple-darwin25.6.0"
          ]
        }
      },
      "accelerators": "not executed by resource probe; use calibrate in the selected interpreter",
      "checked_at": "2026-10-01T15:55:09.483972+00:00"
    },
    "probe_depth": "distribution metadata, module discoverability and machine resources; not backend execution",
    "host_features": {
      "vision": "not_probed",
      "network": "not_probed",
      "native_skill_loading": "not_probed",
      "subagents": "not_required"
    }
  },
  "status": "needs_host_setup",
  "blockers": [
    "Python >=3.10 is required by the bootstrap"
  ],
  "installation_executed": false,
  "scientific_validity_certified": false,
  "scope": "Selected local runtime only. Host tool permissions, provider APIs and scientific evidence require their own checks."
}


======================================================================
FAIL: test_missing_dependency_dry_run_no_install (test_portability.SelectionTests)
----------------------------------------------------------------------
Traceback (most recent call last):
  File "/Users/luca/Documents/ChatGPT/学术skill/iteration-20260930061350/repository/academic-research-skills/tests/test_portability.py", line 96, in test_missing_dependency_dry_run_no_install
    r=env.ensure(t,self.root/'new');self.assertEqual(r['status'],'install_needed');self.assertFalse((self.root/'new').exists())
AssertionError: 'needs_host_setup' != 'install_needed'
- needs_host_setup
+ install_needed


======================================================================
FAIL: test_missing_network_authorization_no_environment (test_portability.SelectionTests)
----------------------------------------------------------------------
Traceback (most recent call last):
  File "/Users/luca/Documents/ChatGPT/学术skill/iteration-20260930061350/repository/academic-research-skills/tests/test_portability.py", line 99, in test_missing_network_authorization_no_environment
    r=env.ensure(t,self.root/'new',apply=True);self.assertEqual(r['status'],'blocked_network_authorization');self.assertFalse((self.root/'new').exists())
AssertionError: 'needs_host_setup' != 'blocked_network_authorization'
- needs_host_setup
+ blocked_network_authorization


======================================================================
FAIL: test_argv_uses_project_cwd_literal_arguments_and_actual_outputs (test_research_tools.Tools)
----------------------------------------------------------------------
Traceback (most recent call last):
  File "/Users/luca/Documents/ChatGPT/学术skill/iteration-20260930061350/repository/academic-research-skills/tests/test_research_tools.py", line 39, in test_argv_uses_project_cwd_literal_arguments_and_actual_outputs
    self.assertEqual(r['research_execution'],'passed');self.assertEqual((self.root/'sub/result.txt').read_text(),literal)
AssertionError: 'not_started' != 'passed'
- not_started
+ passed


======================================================================
FAIL: test_compile_and_run_non_python_in_project (test_research_tools.Tools)
----------------------------------------------------------------------
Traceback (most recent call last):
  File "/Users/luca/Documents/ChatGPT/学术skill/iteration-20260930061350/repository/academic-research-skills/tests/test_research_tools.py", line 64, in test_compile_and_run_non_python_in_project
    self.assertEqual(r['research_execution'],'passed')
AssertionError: 'not_started' != 'passed'
- not_started
+ passed


======================================================================
FAIL: test_cpu_calibration_checks_actual_numerical_output (test_research_tools.Tools)
----------------------------------------------------------------------
Traceback (most recent call last):
  File "/Users/luca/Documents/ChatGPT/学术skill/iteration-20260930061350/repository/academic-research-skills/tests/test_research_tools.py", line 58, in test_cpu_calibration_checks_actual_numerical_output
    self.assertEqual(r['research_execution'],'passed');self.assertTrue(r['calibration']['numeric_check'])
AssertionError: 'not_started' != 'passed'
- not_started
+ passed


======================================================================
FAIL: test_missing_outputs_do_not_pass (test_research_tools.Tools)
----------------------------------------------------------------------
Traceback (most recent call last):
  File "/Users/luca/Documents/ChatGPT/学术skill/iteration-20260930061350/repository/academic-research-skills/tests/test_research_tools.py", line 49, in test_missing_outputs_do_not_pass
    self.assertEqual(r['research_execution'],'missing_outputs');self.assertEqual(r['missing_outputs'],['absent.json'])
AssertionError: 'not_started' != 'missing_outputs'
- not_started
+ missing_outputs


======================================================================
FAIL: test_output_and_cwd_escape_rejected (test_research_tools.Tools)
----------------------------------------------------------------------
Traceback (most recent call last):
  File "/Users/luca/Documents/ChatGPT/学术skill/iteration-20260930061350/repository/academic-research-skills/tests/test_research_tools.py", line 51, in test_output_and_cwd_escape_rejected
    with self.assertRaises(e.EnvironmentError):e.run_command(task(),self.root,['{python}','-c','pass'],['../escape.json'])
AssertionError: EnvironmentError not raised

----------------------------------------------------------------------
Ran 610 tests in 20.351s

FAILED (failures=29, errors=4)

